Name,Club,Age,Position,Value,Wage,Release Clause,Clause_Premium_Pct
L. Messi,FC Barcelona,31,RF,110500000.0,565000.0,226500000.0,104.97737556561087
Cristiano Ronaldo,Juventus,33,ST,77000000.0,405000.0,127100000.0,65.06493506493507
Neymar Jr,Paris Saint-Germain,26,LW,118500000.0,290000.0,228100000.0,92.48945147679325
De Gea,Manchester United,27,GK,72000000.0,260000.0,138600000.0,92.5
K. De Bruyne,Manchester City,27,RCM,102000000.0,355000.0,196400000.0,92.54901960784314
E. Hazard,Chelsea,27,LF,93000000.0,340000.0,172100000.0,85.05376344086022
L. Modrić,Real Madrid,32,RCM,67000000.0,420000.0,137400000.0,105.07462686567163
L. Suárez,FC Barcelona,31,RS,80000000.0,455000.0,164000000.0,105.0
Sergio Ramos,Real Madrid,32,RCB,51000000.0,380000.0,104600000.0,105.09803921568628
J. Oblak,Atlético Madrid,25,GK,68000000.0,94000.0,144500000.0,112.5
R. Lewandowski,FC Bayern München,29,ST,77000000.0,205000.0,127100000.0,65.06493506493507
T. Kroos,Real Madrid,28,LCM,76500000.0,355000.0,156800000.0,104.96732026143792
D. Godín,Atlético Madrid,32,CB,44000000.0,125000.0,90200000.0,105.0
David Silva,Manchester City,32,LCM,60000000.0,285000.0,111000000.0,85.0
N. Kanté,Chelsea,27,LDM,63000000.0,225000.0,121300000.0,92.53968253968254
P. Dybala,Juventus,24,LF,89000000.0,205000.0,153500000.0,72.47191011235955
H. Kane,Tottenham Hotspur,24,ST,83500000.0,205000.0,160700000.0,92.45508982035928
A. Griezmann,Atlético Madrid,27,CAM,78000000.0,145000.0,165800000.0,112.56410256410257
M. ter Stegen,FC Barcelona,26,GK,58000000.0,240000.0,123300000.0,112.58620689655172
T. Courtois,Real Madrid,26,GK,53500000.0,240000.0,113700000.0,112.5233644859813
Sergio Busquets,FC Barcelona,29,CDM,51500000.0,315000.0,105600000.0,105.0485436893204
E. Cavani,Paris Saint-Germain,31,LS,60000000.0,200000.0,111000000.0,85.0
M. Neuer,FC Bayern München,32,GK,38000000.0,130000.0,62700000.0,65.0
S. Agüero,Manchester City,30,ST,64500000.0,300000.0,119300000.0,84.96124031007753
G. Chiellini,Juventus,33,LCB,27000000.0,215000.0,44600000.0,65.18518518518519
K. Mbappé,Paris Saint-Germain,19,RM,81000000.0,100000.0,166100000.0,105.06172839506173
M. Salah,Liverpool,26,RM,69500000.0,255000.0,137300000.0,97.55395683453237
Casemiro,Real Madrid,26,CDM,59500000.0,285000.0,126400000.0,112.43697478991596
J. Rodríguez,FC Bayern München,26,LAM,69500000.0,315000.0,144000000.0,107.19424460431655
L. Insigne,Napoli,27,LW,62000000.0,165000.0,105400000.0,70.0
Isco,Real Madrid,26,LW,73500000.0,315000.0,156200000.0,112.5170068027211
C. Eriksen,Tottenham Hotspur,26,CAM,73500000.0,205000.0,141500000.0,92.51700680272108
Coutinho,FC Barcelona,26,LW,69500000.0,340000.0,147700000.0,112.51798561151078
P. Aubameyang,Arsenal,29,LM,59000000.0,265000.0,112100000.0,90.0
M. Hummels,FC Bayern München,29,LCB,46000000.0,160000.0,75900000.0,65.0
Marcelo,Real Madrid,30,LB,43000000.0,285000.0,88200000.0,105.11627906976744
G. Bale,Real Madrid,28,ST,60000000.0,355000.0,123000000.0,105.0
H. Lloris,Tottenham Hotspur,31,GK,36000000.0,150000.0,66600000.0,85.0
G. Higuaín,Milan,30,LS,57000000.0,245000.0,117000000.0,105.26315789473684
Thiago Silva,Paris Saint-Germain,33,RCB,24000000.0,165000.0,44400000.0,85.0
S. Handanovič,Inter,33,GK,30000000.0,110000.0,51000000.0,70.0
S. Umtiti,FC Barcelona,24,CB,57000000.0,205000.0,121100000.0,112.45614035087719
M. Icardi,Inter,25,ST,64500000.0,130000.0,114500000.0,77.51937984496125
K. Koulibaly,Napoli,27,LCB,51000000.0,115000.0,90500000.0,77.45098039215686
P. Pogba,Manchester United,25,RDM,64000000.0,210000.0,123200000.0,92.5
K. Navas,Real Madrid,31,GK,30500000.0,195000.0,62500000.0,104.91803278688525
R. Lukaku,Manchester United,25,ST,62500000.0,230000.0,120300000.0,92.47999999999999
C. Immobile,Lazio,28,ST,52000000.0,115000.0,88400000.0,70.0
Jordi Alba,FC Barcelona,29,LB,38000000.0,250000.0,77900000.0,105.0
D. Mertens,Napoli,31,RF,45000000.0,135000.0,76500000.0,70.0
J. Vertonghen,Tottenham Hotspur,31,LCB,34000000.0,155000.0,62900000.0,85.0
M. Hamšík,Napoli,30,LCM,46500000.0,125000.0,79100000.0,70.10752688172043
I. Rakitić,FC Barcelona,30,RCM,46500000.0,260000.0,95300000.0,104.94623655913979
Piqué,FC Barcelona,31,RCB,34000000.0,240000.0,69700000.0,105.0
L. Sané,Manchester City,22,LW,61000000.0,195000.0,125100000.0,105.08196721311475
Bernardo Silva,Manchester City,23,RW,59500000.0,180000.0,114500000.0,92.43697478991596
Ederson,Manchester City,24,GK,41500000.0,125000.0,79900000.0,92.53012048192771
S. Mané,Liverpool,26,LM,52000000.0,195000.0,102700000.0,97.5
V. van Dijk,Liverpool,26,LCB,44500000.0,165000.0,87900000.0,97.52808988764045
R. Sterling,Manchester City,23,RW,56500000.0,195000.0,108800000.0,92.56637168141593
Roberto Firmino,Liverpool,26,CAM,53000000.0,195000.0,104700000.0,97.54716981132076
R. Varane,Real Madrid,25,RCB,50000000.0,210000.0,106300000.0,112.6
M. Verratti,Paris Saint-Germain,25,LCM,55000000.0,135000.0,105900000.0,92.54545454545455
Alex Sandro,Juventus,27,LB,36500000.0,160000.0,60200000.0,64.93150684931507
Douglas Costa,Juventus,27,LM,46500000.0,175000.0,76700000.0,64.94623655913978
T. Müller,FC Bayern München,28,CAM,45000000.0,135000.0,74300000.0,65.11111111111111
Thiago,FC Bayern München,27,CM,45500000.0,130000.0,75100000.0,65.05494505494505
M. Reus,Borussia Dortmund,29,LM,43500000.0,100000.0,74000000.0,70.11494252873564
Azpilicueta,Chelsea,28,RB,35000000.0,175000.0,64800000.0,85.14285714285714
L. Bonucci,Juventus,31,RCB,30000000.0,160000.0,49500000.0,65.0
T. Alderweireld,Tottenham Hotspur,29,RCB,39000000.0,150000.0,75100000.0,92.56410256410257
M. Pjanić,Juventus,28,CDM,44000000.0,180000.0,72600000.0,65.0
M. Benatia,Juventus,31,CB,30000000.0,160000.0,49500000.0,65.0
M. Özil,Arsenal,29,CAM,43500000.0,190000.0,82700000.0,90.11494252873563
Fernandinho,Manchester City,33,CDM,18000000.0,185000.0,33300000.0,85.0
Iniesta,Vissel Kobe,34,LF,21500000.0,21000.0,26900000.0,25.116279069767444
M. Škriniar,Inter,23,LCB,46500000.0,82000.0,88400000.0,90.10752688172043
S. Milinković-Savić,Lazio,23,CM,50500000.0,73000.0,89600000.0,77.42574257425743
Marco Asensio,Real Madrid,22,RW,54000000.0,215000.0,121500000.0,125.0
N. Fekir,Olympique Lyonnais,24,CAM,50000000.0,92000.0,98800000.0,97.6
Alisson,Liverpool,25,GK,36500000.0,115000.0,72100000.0,97.53424657534246
J. Kimmich,FC Bayern München,23,RCM,40500000.0,92000.0,69900000.0,72.5925925925926
Saúl,Atlético Madrid,23,RCM,50500000.0,77000.0,107300000.0,112.47524752475249
R. Mahrez,Manchester City,27,RW,40500000.0,205000.0,74900000.0,84.93827160493828
D. Alaba,FC Bayern München,26,LB,38000000.0,110000.0,65600000.0,72.63157894736842
Koke,Atlético Madrid,26,LM,45000000.0,88000.0,95600000.0,112.44444444444443
A. Lacazette,Arsenal,27,ST,45000000.0,180000.0,88900000.0,97.55555555555556
K. Manolas,Roma,27,LCB,37500000.0,96000.0,66600000.0,77.60000000000001
N. Otamendi,Manchester City,30,CB,28500000.0,170000.0,52700000.0,84.91228070175438
Parejo,Valencia CF,29,RCM,37000000.0,66000.0,77700000.0,110.00000000000001
Paulinho,Guangzhou Evergrande Taobao FC,29,LDM,37000000.0,235000.0,68900000.0,86.21621621621621
W. Szczęsny,Juventus,28,GK,32000000.0,125000.0,55200000.0,72.5
A. Sánchez,Manchester United,29,RW,37500000.0,215000.0,69400000.0,85.06666666666666
Y. Brahimi,FC Porto,28,LM,39000000.0,28000.0,78000000.0,100.0
J. Boateng,FC Bayern München,29,RCB,30000000.0,115000.0,49500000.0,65.0
A. Vidal,FC Barcelona,31,CAM,26000000.0,205000.0,53300000.0,105.0
I. Perišić,Inter,29,LM,37500000.0,110000.0,63800000.0,70.13333333333334
E. Džeko,Roma,32,ST,30500000.0,115000.0,51900000.0,70.16393442622952
S. Khedira,Juventus,31,RCM,33000000.0,160000.0,54500000.0,65.15151515151516
Diego Costa,Atlético Madrid,29,LS,38500000.0,100000.0,78900000.0,104.93506493506493
R. Nainggolan,Inter,30,CAM,35500000.0,105000.0,60400000.0,70.14084507042253
B. Matuidi,Juventus,31,LM,26000000.0,145000.0,42900000.0,65.0
Miranda,Inter,33,CB,15500000.0,96000.0,26400000.0,70.3225806451613
K. Benzema,Real Madrid,30,ST,37000000.0,240000.0,75900000.0,105.13513513513513
Filipe Luís,Atlético Madrid,32,LB,21500000.0,81000.0,44100000.0,105.11627906976744
V. Kompany,Manchester City,32,CB,22000000.0,170000.0,40700000.0,85.0
Z. Ibrahimović,LA Galaxy,36,RS,14000000.0,15000.0,21000000.0,50.0
D. Sánchez,Tottenham Hotspur,22,RCB,34000000.0,105000.0,65500000.0,92.64705882352942
J. Giménez,Atlético Madrid,23,RCB,34000000.0,63000.0,72300000.0,112.6470588235294
Alex Telles,FC Porto,25,LB,32000000.0,22000.0,66400000.0,107.5
A. Laporte,Manchester City,24,LCB,34000000.0,135000.0,65500000.0,92.64705882352942
Bruno Fernandes,Sporting CP,23,LCM,40500000.0,22000.0,84000000.0,107.40740740740742
N. Süle,FC Bayern München,22,CB,36500000.0,84000.0,67500000.0,84.93150684931507
A. Martial,Manchester United,22,LW,42500000.0,165000.0,87100000.0,104.94117647058823
D. Alli,Tottenham Hotspur,22,LCM,42500000.0,115000.0,87100000.0,104.94117647058823
Fabinho,Liverpool,24,CDM,34000000.0,120000.0,67200000.0,97.6470588235294
Marquinhos,Paris Saint-Germain,24,LDM,35500000.0,90000.0,68300000.0,92.3943661971831
William Carvalho,Real Betis,26,CDM,31500000.0,38000.0,68500000.0,117.46031746031747
Jorginho,Chelsea,26,CM,38000000.0,155000.0,73200000.0,92.63157894736842
F. Thauvin,Olympique de Marseille,25,RM,39000000.0,72000.0,77000000.0,97.43589743589743
Carvajal,Real Madrid,26,RB,31500000.0,185000.0,66900000.0,112.38095238095238
M. Depay,Olympique Lyonnais,24,ST,42000000.0,93000.0,83000000.0,97.61904761904762
H. Son,Tottenham Hotspur,25,LM,37000000.0,125000.0,71200000.0,92.43243243243244
A. Lopes,Olympique Lyonnais,27,GK,25000000.0,72000.0,49400000.0,97.6
S. de Vrij,Inter,26,CB,31500000.0,88000.0,55900000.0,77.46031746031747
M. Perin,Juventus,25,GK,29500000.0,105000.0,50900000.0,72.54237288135593
J. Cuadrado,Juventus,30,RAM,29500000.0,150000.0,48700000.0,65.08474576271186
Iago Aspas,RC Celta,30,ST,30000000.0,45000.0,63000000.0,110.00000000000001
B. Leno,Arsenal,26,GK,27000000.0,115000.0,53300000.0,97.4074074074074
N. Matić,Manchester United,29,CDM,24000000.0,165000.0,44400000.0,85.0
L. Hrádecký,Bayer 04 Leverkusen,28,GK,22000000.0,74000.0,37400000.0,70.0
Illarramendi,Real Sociedad,28,RDM,31000000.0,51000.0,65100000.0,110.00000000000001
K. Walker,Manchester City,28,RB,24500000.0,165000.0,45300000.0,84.89795918367346
I. Gündoğan,Manchester City,27,CM,32000000.0,175000.0,59200000.0,85.0
José Callejón,Napoli,31,RM,27500000.0,105000.0,46800000.0,70.18181818181817
A. Di María,Paris Saint-Germain,30,RM,29500000.0,125000.0,54600000.0,85.08474576271186
M. Mandžukić,Juventus,32,ST,25000000.0,160000.0,41300000.0,65.2
Willian,Chelsea,29,RW,30500000.0,175000.0,56400000.0,84.91803278688525
Sergio Asenjo,Villarreal CF,29,GK,24000000.0,42000.0,52200000.0,117.5
E. Banega,Sevilla FC,30,CDM,29000000.0,31000.0,60900000.0,110.00000000000001
A. Witsel,Borussia Dortmund,29,LCM,24000000.0,77000.0,40800000.0,70.0
D. Payet,Olympique de Marseille,31,CAM,27500000.0,75000.0,52300000.0,90.18181818181819
Jonas,SL Benfica,34,ST,16500000.0,25000.0,33000000.0,100.0
Sokratis,Arsenal,30,RCB,23000000.0,140000.0,43700000.0,90.0
S. Ruffier,AS Saint-Étienne,31,GK,19000000.0,41000.0,36100000.0,90.0
Falcao,AS Monaco,32,RS,25000000.0,115000.0,47500000.0,90.0
K. Schmeichel,Leicester City,31,GK,19000000.0,78000.0,36100000.0,90.0
Raúl Albiol,Napoli,32,RCB,18000000.0,88000.0,30600000.0,70.0
A. Gómez,Atalanta,30,LS,30000000.0,53000.0,51000000.0,70.0
Quaresma,Beşiktaş JK,34,RM,15500000.0,80000.0,29500000.0,90.32258064516128
A. Robben,FC Bayern München,34,RM,15500000.0,110000.0,25600000.0,65.16129032258064
O. Dembélé,FC Barcelona,21,RW,40000000.0,155000.0,90000000.0,125.0
Gabriel Jesus,Manchester City,21,ST,41000000.0,130000.0,84100000.0,105.1219512195122
Ronaldo Cabrais,Grêmio,26,RW,28000000.0,51000.0,50400000.0,80.0
Josué Chiamulera,Grêmio,26,LCB,22500000.0,43000.0,40500000.0,80.0
Louri Beretta,Atlético Mineiro,26,ST,28500000.0,60000.0,54200000.0,90.17543859649123
P. Kimpembe,Paris Saint-Germain,22,LCB,30500000.0,82000.0,62500000.0,104.91803278688525
N. Keïta,Liverpool,23,CM,34000000.0,120000.0,67200000.0,97.6470588235294
C. Tolisso,FC Bayern München,23,CM,34000000.0,85000.0,58700000.0,72.6470588235294
T. Lemar,Atlético Madrid,22,LM,35500000.0,64000.0,79900000.0,125.07042253521128
K. Coman,FC Bayern München,22,LM,34000000.0,85000.0,58700000.0,72.6470588235294
J. Tah,Bayer 04 Leverkusen,22,CB,29500000.0,67000.0,52400000.0,77.62711864406779
Anderson Talisca,Guangzhou Evergrande Taobao FC,24,CAM,36500000.0,18000.0,66700000.0,82.73972602739727
T. Werner,RB Leipzig,22,RW,34500000.0,70000.0,61200000.0,77.39130434782608
A. Rabiot,Paris Saint-Germain,23,CM,33000000.0,91000.0,63500000.0,92.42424242424242
L. Goretzka,FC Bayern München,23,CM,34000000.0,85000.0,58700000.0,72.6470588235294
Q. Promes,Sevilla FC,26,RM,30500000.0,28000.0,66300000.0,117.37704918032787
H. Ziyech,Ajax,25,RAM,32500000.0,28000.0,47900000.0,47.38461538461539
Lucas Vázquez,Real Madrid,27,RW,27000000.0,205000.0,55400000.0,105.18518518518518
Y. Carrasco,Dalian YiFang FC,24,LM,33000000.0,20000.0,73400000.0,122.42424242424241
Gerard Moreno,Villarreal CF,26,LS,32000000.0,53000.0,69600000.0,117.5
Felipe,FC Porto,29,RCB,20000000.0,22000.0,40000000.0,100.0
M. Kovačić,Chelsea,24,LCM,35000000.0,165000.0,61100000.0,74.57142857142857
Kepa,Chelsea,23,GK,28500000.0,84000.0,58400000.0,104.91228070175438
Manu Trigueros,Villarreal CF,26,RCM,30000000.0,49000.0,65300000.0,117.66666666666667
S. Gnabry,FC Bayern München,22,ST,34500000.0,85000.0,59500000.0,72.46376811594203
J. Pickford,Everton,24,GK,25000000.0,78000.0,49400000.0,97.6
S. Savić,Atlético Madrid,27,CB,26000000.0,67000.0,55300000.0,112.6923076923077
J. Stones,Manchester City,24,RCB,28500000.0,125000.0,54900000.0,92.63157894736842
Suso,Milan,24,RW,33000000.0,115000.0,58600000.0,77.57575757575758
J. Draxler,Paris Saint-Germain,24,CM,32500000.0,91000.0,62600000.0,92.61538461538461
Felipe Anderson,West Ham United,25,LM,31500000.0,110000.0,62200000.0,97.46031746031746
Lucas Moura,Tottenham Hotspur,25,RM,31000000.0,115000.0,59700000.0,92.58064516129032
Danilo Pereira,FC Porto,26,CDM,27000000.0,21000.0,56000000.0,107.40740740740742
Nacho Fernández,Real Madrid,28,CB,24500000.0,180000.0,52100000.0,112.65306122448979
T. Horn,1. FC Köln,25,GK,24000000.0,25000.0,37800000.0,57.49999999999999
Allan,Napoli,27,RCM,26500000.0,87000.0,45100000.0,70.18867924528301
F. Acerbi,Lazio,30,CB,19000000.0,64000.0,32300000.0,70.0
Sergi Roberto,FC Barcelona,26,RB,26500000.0,170000.0,56300000.0,112.45283018867924
Rodrigo,Valencia CF,27,ST,30500000.0,57000.0,66300000.0,117.37704918032787
Pizzi,SL Benfica,28,LCM,25500000.0,22000.0,51000000.0,100.0
K. Kampl,RB Leipzig,27,LCM,26500000.0,74000.0,45100000.0,70.18867924528301
Neto,Valencia CF,28,GK,21000000.0,41000.0,45700000.0,117.61904761904762
O. Baumann,TSG 1899 Hoffenheim,28,GK,21000000.0,42000.0,37300000.0,77.61904761904762
I. Gueye,Everton,28,RDM,21000000.0,125000.0,39900000.0,90.0
H. Mkhitaryan,Arsenal,29,RM,25500000.0,145000.0,48500000.0,90.19607843137256
Marcos Alonso,Chelsea,27,LB,24000000.0,130000.0,46200000.0,92.5
D. Subašić,AS Monaco,33,GK,13000000.0,70000.0,24700000.0,90.0
K. Glik,AS Monaco,30,RCB,19000000.0,86000.0,36100000.0,90.0
K. Strootman,Olympique de Marseille,28,CDM,21000000.0,66000.0,39900000.0,90.0
B. Dost,Sporting CP,29,ST,26000000.0,26000.0,52000000.0,100.0
Oscar,Shanghai SIPG FC,26,LCM,30500000.0,29000.0,69400000.0,127.54098360655736
M. Balotelli,OGC Nice,27,LS,27500000.0,55000.0,52300000.0,90.18181818181819
Luiz Gustavo,Olympique de Marseille,30,LCB,19000000.0,63000.0,36100000.0,90.0
Giuliano,Al Nassr,28,CAM,26000000.0,64000.0,44200000.0,70.0
David Luiz,Chelsea,31,LCB,17500000.0,130000.0,32400000.0,85.14285714285714
R. Fährmann,FC Schalke 04,29,GK,20000000.0,38000.0,35500000.0,77.5
Juan Mata,Manchester United,30,RM,24500000.0,160000.0,45300000.0,84.89795918367346
Adán,Atlético Madrid,31,GK,15500000.0,55000.0,31800000.0,105.16129032258064
Rui Patrício,Wolverhampton Wanderers,30,GK,16500000.0,74000.0,31400000.0,90.30303030303031
Y. Sommer,Borussia Mönchengladbach,29,GK,20000000.0,35000.0,35500000.0,77.5
Javi Martínez,FC Bayern München,29,CDM,20000000.0,94000.0,33000000.0,65.0
L. Bender,Bayer 04 Leverkusen,29,RB,20000000.0,82000.0,34000000.0,70.0
Lucas Leiva,Lazio,31,LDM,17500000.0,64000.0,29800000.0,70.28571428571428
S. Mandanda,Olympique de Marseille,33,GK,13000000.0,51000.0,24700000.0,90.0
Cesc Fàbregas,Chelsea,31,CM,22000000.0,140000.0,40700000.0,85.0
M. Dembélé,Tottenham Hotspur,30,CM,24000000.0,120000.0,44400000.0,85.0
F. Ribéry,FC Bayern München,35,LM,11500000.0,72000.0,19000000.0,65.21739130434783
R. Jarstein,Hertha BSC,33,GK,13000000.0,33000.0,22100000.0,70.0
J. Pavlenka,SV Werder Bremen,26,GK,19500000.0,30000.0,34600000.0,77.43589743589745
M. de Ligt,Ajax,18,RCB,27000000.0,11000.0,43200000.0,60.0
Rodri,Atlético Madrid,22,CM,29000000.0,59000.0,61600000.0,112.41379310344828
Arthur,FC Barcelona,21,LCM,32500000.0,125000.0,73100000.0,124.92307692307692
G. Donnarumma,Milan,19,GK,29000000.0,23000.0,55100000.0,90.0
Rosberto Dourado,Atlético Mineiro,30,RCM,16500000.0,46000.0,31400000.0,90.30303030303031
Raphaelito Anjos,Grêmio,30,GK,14000000.0,32000.0,25200000.0,80.0
Gelson Martins,Atlético Madrid,23,RM,29500000.0,59000.0,62700000.0,112.54237288135593
Gonçalo Guedes,Valencia CF,21,LM,29000000.0,36000.0,63100000.0,117.58620689655173
L. Torreira,Arsenal,22,LCM,25000000.0,98000.0,49400000.0,97.6
Malcom,FC Barcelona,21,RW,31500000.0,140000.0,70900000.0,125.07936507936508
Pau López,Real Betis,23,GK,21500000.0,21000.0,46800000.0,117.67441860465115
L. Hernández,Atlético Madrid,22,LB,25500000.0,53000.0,57400000.0,125.09803921568627
C. Lenglet,FC Barcelona,23,LCB,26000000.0,135000.0,58500000.0,125.0
A. Kramarić,TSG 1899 Hoffenheim,27,LCM,26000000.0,54000.0,46200000.0,77.6923076923077
A. Robertson,Liverpool,24,LB,24500000.0,98000.0,48400000.0,97.55102040816327
Dani García,Athletic Club de Bilbao,28,RCM,20000000.0,33000.0,43500000.0,117.5
F. Bernardeschi,Juventus,24,RM,29500000.0,110000.0,50900000.0,72.54237288135593
J. Brandt,Bayer 04 Leverkusen,22,LM,30500000.0,68000.0,58000000.0,90.1639344262295
D. Rugani,Juventus,23,CB,24500000.0,95000.0,42300000.0,72.6530612244898
Samu Castillejo,Milan,23,RM,29000000.0,94000.0,51500000.0,77.58620689655173
João Cancelo,Juventus,24,RB,25500000.0,95000.0,47200000.0,85.09803921568627
A. Romagnoli,Milan,23,LCB,26500000.0,84000.0,50400000.0,90.18867924528303
T. Partey,Atlético Madrid,25,CDM,25500000.0,59000.0,57400000.0,125.09803921568627
Fred,Manchester United,25,CM,26500000.0,140000.0,51000000.0,92.45283018867924
J. Vardy,Leicester City,31,ST,20000000.0,96000.0,38000000.0,90.0
A. Belotti,Torino,24,LS,30000000.0,58000.0,53300000.0,77.66666666666666
E. Forsberg,RB Leipzig,26,LM,26000000.0,67000.0,46200000.0,77.6923076923077
J. Lingard,Manchester United,25,CAM,26500000.0,140000.0,51000000.0,92.45283018867924
F. Vázquez,Sevilla FC,29,LCM,21500000.0,27000.0,45200000.0,110.23255813953487
E. Višća,Medipol Başakşehir FK,28,RM,22500000.0,40000.0,42800000.0,90.22222222222223
A. Rüdiger,Chelsea,25,CB,22500000.0,110000.0,43300000.0,92.44444444444444
A. Florenzi,Roma,27,RB,20500000.0,73000.0,36400000.0,77.5609756097561
H. Maguire,Leicester City,25,LCB,23500000.0,77000.0,46400000.0,97.44680851063829
T. Meunier,Paris Saint-Germain,26,RM,21000000.0,87000.0,40400000.0,92.38095238095238
S. Sané,FC Schalke 04,27,CB,18500000.0,41000.0,31500000.0,70.27027027027027
G. Kondogbia,Valencia CF,25,CM,27500000.0,46000.0,59800000.0,117.45454545454545
Rafinha,FC Barcelona,25,CAM,29500000.0,165000.0,62700000.0,112.54237288135593
Gabriel Paulista,Valencia CF,27,LCB,21000000.0,44000.0,45700000.0,117.61904761904762
Morata,Chelsea,25,ST,28500000.0,135000.0,54900000.0,92.63157894736842
J. Cillessen,FC Barcelona,29,GK,18000000.0,135000.0,38300000.0,112.77777777777777
W. Ben Yedder,Sevilla FC,27,RS,23500000.0,28000.0,49400000.0,110.2127659574468
C. Bakambu,Beijing Sinobo Guoan FC,27,ST,26000000.0,33000.0,59200000.0,127.69230769230768
Pablo Sarabia,Sevilla FC,26,RCM,26000000.0,26000.0,56600000.0,117.6923076923077
W. Zaha,Crystal Palace,25,LS,28500000.0,78000.0,56300000.0,97.54385964912281
Luis Alberto,Lazio,25,CF,28500000.0,67000.0,50600000.0,77.54385964912281
Jonathan Viera,Beijing Sinobo Guoan FC,28,LF,22500000.0,31000.0,49500000.0,120.0
Bartra,Real Betis,27,CB,21000000.0,32000.0,45700000.0,117.61904761904762
S. Coates,Sporting CP,27,RCB,21000000.0,19000.0,43600000.0,107.61904761904762
Willian José,Real Sociedad,26,ST,26500000.0,44000.0,57600000.0,117.35849056603773
Mário Fernandes,PFC CSKA Moscow,27,RB,18500000.0,1000.0,40700000.0,120.0
Víctor Ruiz,Villarreal CF,29,LCB,19500000.0,43000.0,42400000.0,117.43589743589745
T. Delaney,Borussia Dortmund,26,LCM,21500000.0,61000.0,38200000.0,77.67441860465117
K. Casteels,VfL Wolfsburg,26,GK,19500000.0,46000.0,34600000.0,77.43589743589745
M. Götze,Borussia Dortmund,26,CM,27000000.0,67000.0,47900000.0,77.4074074074074
S. Mustafi,Arsenal,26,RCB,22500000.0,115000.0,44400000.0,97.33333333333334
J. Pastore,Roma,29,CAM,21500000.0,84000.0,36600000.0,70.23255813953489
Pedro,Chelsea,30,RW,21000000.0,140000.0,38900000.0,85.23809523809524
G. Bonaventura,Milan,28,CM,22000000.0,115000.0,37400000.0,70.0
R. Bürki,Borussia Dortmund,27,GK,18500000.0,50000.0,32800000.0,77.29729729729729
Taison,Shakhtar Donetsk,30,LM,21000000.0,1000.0,44100000.0,110.00000000000001
S. Nzonzi,Roma,29,CDM,17000000.0,77000.0,28900000.0,70.0
Marlos,Shakhtar Donetsk,30,RM,21000000.0,1000.0,44100000.0,110.00000000000001
A. Ramsey,Arsenal,27,CAM,25000000.0,130000.0,49400000.0,97.6
K. Trippier,Tottenham Hotspur,27,RB,18500000.0,99000.0,34200000.0,84.86486486486487
A. Kolarov,Roma,32,LB,12500000.0,73000.0,21300000.0,70.39999999999999
G. Sigurðsson,Everton,28,CAM,22500000.0,125000.0,42800000.0,90.22222222222223
S. Giovinco,Toronto FC,31,CF,20000000.0,15000.0,30000000.0,50.0
M. Arnautović,West Ham United,29,LS,22000000.0,120000.0,41800000.0,90.0
N. Gaitán,Dalian YiFang FC,30,CAM,21000000.0,22000.0,45200000.0,115.23809523809523
J. Henderson,Liverpool,28,RCM,18000000.0,125000.0,34200000.0,90.0
M. Kruse,SV Werder Bremen,30,ST,21500000.0,45000.0,36600000.0,70.23255813953489
L. Fejsa,SL Benfica,29,CDM,17000000.0,18000.0,34000000.0,100.0
A. Rami,Olympique de Marseille,32,RCB,12500000.0,57000.0,23800000.0,90.4
V. Ćorluka,Lokomotiv Moscow,32,LCB,12500000.0,1000.0,26300000.0,110.4
G. Wijnaldum,Liverpool,27,CAM,23000000.0,130000.0,43700000.0,90.0
F. Fazio,Roma,31,LCB,15000000.0,73000.0,25500000.0,70.0
O. Giroud,Chelsea,31,ST,20000000.0,140000.0,37000000.0,85.0
Marcano,Roma,31,CB,15000000.0,73000.0,25500000.0,70.0
A. Guardado,Real Betis,31,CM,19000000.0,35000.0,39900000.0,110.00000000000001
E. Garay,Valencia CF,31,RCB,15000000.0,44000.0,31500000.0,110.00000000000001
Jardel,SL Benfica,32,LCB,12500000.0,17000.0,25000000.0,100.0
S. Sirigu,Torino,31,GK,13500000.0,45000.0,23000000.0,70.37037037037037
E. Viviano,Sporting CP,32,GK,12500000.0,15000.0,25000000.0,100.0
L. Koscielny,Arsenal,32,CB,12500000.0,115000.0,23800000.0,90.4
A. Consigli,Sassuolo,31,GK,13500000.0,52000.0,23000000.0,70.37037037037037
L. Biglia,Milan,32,CDM,12500000.0,98000.0,21300000.0,70.39999999999999
M. Rashford,Manchester United,20,LW,27000000.0,110000.0,55400000.0,105.18518518518518
Laure Santeiro,Fluminense,30,CAM,17000000.0,40000.0,32300000.0,90.0
L. Bailey,Bayer 04 Leverkusen,20,LM,26500000.0,54000.0,50400000.0,90.18867924528303
M. Akanji,Borussia Dortmund,22,LCB,21000000.0,49000.0,39900000.0,90.0
F. de Jong,Ajax,21,LDM,26000000.0,19000.0,41600000.0,60.0
Nélson Semedo,FC Barcelona,24,RB,20000000.0,125000.0,42500000.0,112.5
Pablo Fornals,Villarreal CF,22,CAM,24000000.0,36000.0,52200000.0,117.5
Fabián,Napoli,22,LM,26000000.0,64000.0,49400000.0,90.0
E. Bailly,Manchester United,24,CB,21000000.0,105000.0,43100000.0,105.23809523809524
Dani Ceballos,Real Madrid,21,LCM,25000000.0,120000.0,56300000.0,125.2
H. Lozano,PSV,22,LS,24000000.0,22000.0,35400000.0,47.5
Morales,Levante UD,30,LS,17000000.0,33000.0,35700000.0,110.00000000000001
J. Seri,Fulham,26,LDM,20500000.0,73000.0,40500000.0,97.5609756097561
M. Politano,Inter,24,RM,22500000.0,57000.0,40900000.0,81.77777777777779
M. Brozović,Inter,25,LDM,18500000.0,64000.0,32800000.0,77.29729729729729
Williams,Athletic Club de Bilbao,24,LW,24500000.0,31000.0,56400000.0,130.20408163265307
A. Correa,Atlético Madrid,23,RM,24500000.0,54000.0,55100000.0,124.89795918367348
A. Christensen,Chelsea,22,LCB,21500000.0,91000.0,44100000.0,105.11627906976744
João Mário,Inter,25,CAM,22500000.0,71000.0,39900000.0,77.33333333333333
T. Strakosha,Lazio,23,GK,17000000.0,36000.0,30200000.0,77.64705882352942
E. Hysaj,Napoli,24,RB,20000000.0,58000.0,35500000.0,77.5
P. Zieliński,Napoli,24,RCM,24500000.0,64000.0,46600000.0,90.20408163265307
Ricardo Pereira,Leicester City,24,RB,19000000.0,64000.0,37500000.0,97.36842105263158
Grimaldo,SL Benfica,22,LB,20500000.0,14000.0,45100000.0,120.0
R. Guerreiro,Borussia Dortmund,24,LM,24000000.0,54000.0,42600000.0,77.5
A. Doucouré,Watford,25,RDM,19500000.0,60000.0,38500000.0,97.43589743589743
J. Martínez,Atlanta United,25,LS,22500000.0,14000.0,35400000.0,57.333333333333336
C. Bacca,Villarreal CF,31,LS,16000000.0,45000.0,33600000.0,110.00000000000001
A. Plea,Borussia Mönchengladbach,25,LW,22000000.0,40000.0,39100000.0,77.72727272727272
B. Davies,Tottenham Hotspur,25,LB,18500000.0,87000.0,35600000.0,92.43243243243244
M. Nastasić,FC Schalke 04,25,LCB,18500000.0,36000.0,32800000.0,77.29729729729729
A. Milik,Napoli,24,CF,25500000.0,71000.0,48500000.0,90.19607843137256
M. Sabitzer,RB Leipzig,24,LM,22500000.0,54000.0,39900000.0,77.33333333333333
B. Mendy,Manchester City,23,LB,20000000.0,105000.0,38500000.0,92.5
C. Kramer,Borussia Mönchengladbach,27,CDM,17000000.0,35000.0,30200000.0,77.64705882352942
S. Vrsaljko,Inter,26,RB,18000000.0,57000.0,35600000.0,97.77777777777777
T. Hazard,Borussia Mönchengladbach,25,RW,21500000.0,40000.0,38200000.0,77.67441860465117
K. Bellarabi,Bayer 04 Leverkusen,28,RM,18000000.0,76000.0,30600000.0,70.0
S. Zaza,Torino,27,RS,21000000.0,48000.0,40300000.0,91.9047619047619
F. Ghoulam,Napoli,27,LB,16500000.0,68000.0,29300000.0,77.57575757575758
B. Lecomte,Montpellier HSC,27,GK,15000000.0,27000.0,31100000.0,107.33333333333333
J. Iličić,Atalanta,30,CAM,17000000.0,41000.0,28900000.0,70.0
K. Volland,Bayer 04 Leverkusen,25,ST,22000000.0,76000.0,39100000.0,77.72727272727272
Paco Alcácer,Borussia Dortmund,24,ST,23500000.0,59000.0,41700000.0,77.4468085106383
Vitolo,Atlético Madrid,28,LM,18000000.0,65000.0,36900000.0,105.0
G. Xhaka,Arsenal,25,LDM,22000000.0,115000.0,43500000.0,97.72727272727273
D. Tadić,Ajax,29,LAM,17500000.0,26000.0,24500000.0,40.0
C. Aránguiz,Bayer 04 Leverkusen,29,LDM,17000000.0,76000.0,28900000.0,70.0
S. Verdi,Napoli,25,RW,19500000.0,77000.0,33200000.0,70.25641025641025
D. Lovren,Liverpool,28,RCB,16000000.0,115000.0,31600000.0,97.5
G. Medel,Beşiktaş JK,30,RCB,13000000.0,56000.0,24700000.0,90.0
X. Shaqiri,Liverpool,26,CAM,19000000.0,130000.0,36100000.0,90.0
J. Corona,FC Porto,25,RM,21500000.0,18000.0,44600000.0,107.44186046511628
A. Areola,Paris Saint-Germain,25,GK,16500000.0,61000.0,31800000.0,92.72727272727272
K. Vogt,TSG 1899 Hoffenheim,26,CB,17500000.0,42000.0,31100000.0,77.71428571428571
Ander Herrera,Manchester United,28,CM,17500000.0,140000.0,32400000.0,85.14285714285714
E. Salvio,SL Benfica,27,RW,18500000.0,19000.0,37000000.0,100.0
S. El Shaarawy,Roma,25,LM,21000000.0,77000.0,37300000.0,77.61904761904762
C. Smalling,Manchester United,28,RCB,16000000.0,130000.0,30800000.0,92.5
Hulk,Shanghai SIPG FC,31,RCM,15500000.0,25000.0,34100000.0,120.0
S. Kagawa,Borussia Dortmund,29,CAM,17500000.0,65000.0,29800000.0,70.28571428571428
M. Lanzini,West Ham United,25,CAM,23000000.0,90000.0,45400000.0,97.3913043478261
F. Smolov,Lokomotiv Moscow,28,ST,18500000.0,1000.0,38900000.0,110.27027027027027
L. Stindl,Borussia Mönchengladbach,29,CF,18000000.0,43000.0,30600000.0,70.0
O. Toprak,Borussia Dortmund,28,CB,16000000.0,59000.0,28400000.0,77.5
D. Perotti,Roma,29,LW,17500000.0,84000.0,29800000.0,70.28571428571428
B. Höwedes,Lokomotiv Moscow,30,RCB,13000000.0,1000.0,27300000.0,110.00000000000001
S. Kjær,Sevilla FC,29,RCB,14000000.0,23000.0,29400000.0,110.00000000000001
S. Bender,Bayer 04 Leverkusen,29,LCB,14000000.0,69000.0,23800000.0,70.0
M. Valbuena,Fenerbahçe SK,33,LM,11000000.0,86000.0,20900000.0,90.0
Pedro León,SD Eibar,31,RM,15500000.0,32000.0,32600000.0,110.3225806451613
K. Boateng,Sassuolo,31,CM,15000000.0,65000.0,25500000.0,70.0
A. Candreva,Inter,31,RM,15500000.0,74000.0,26400000.0,70.3225806451613
D. Wass,Valencia CF,29,RB,17000000.0,46000.0,35700000.0,110.00000000000001
E. Lamela,Tottenham Hotspur,26,RM,21000000.0,105000.0,40400000.0,92.38095238095238
D. Rose,Tottenham Hotspur,27,LB,14500000.0,92000.0,26800000.0,84.82758620689656
C. Vela,Los Angeles FC,29,RW,17500000.0,15000.0,26300000.0,50.28571428571429
Renato Augusto,Beijing Sinobo Guoan FC,30,LCM,16500000.0,28000.0,36300000.0,120.0
João Moutinho,Wolverhampton Wanderers,31,RCM,15000000.0,85000.0,28500000.0,90.0
Borja Valero,Inter,33,CAM,11000000.0,74000.0,18700000.0,70.0
B. Gomis,Al Hilal,32,ST,14000000.0,56000.0,23800000.0,70.0
Manuel Fernandes,Lokomotiv Moscow,32,LM,14000000.0,1000.0,29400000.0,110.00000000000001
H. Herrera,FC Porto,28,CM,17500000.0,20000.0,35000000.0,100.0
Raffael,Borussia Mönchengladbach,33,CF,11000000.0,41000.0,18700000.0,70.0
Nani,Sporting CP,31,LM,15500000.0,19000.0,31000000.0,100.0
J. Milner,Liverpool,32,CM,13500000.0,120000.0,25700000.0,90.37037037037037
M. Gómez,RC Celta,21,ST,20500000.0,25000.0,44600000.0,117.56097560975608
K. Havertz,Bayer 04 Leverkusen,19,CAM,22000000.0,32000.0,41800000.0,90.0
T. Ndombele,Olympique Lyonnais,21,CM,22500000.0,51000.0,47300000.0,110.22222222222223
H. Aouar,Olympique Lyonnais,20,LM,23500000.0,51000.0,49400000.0,110.2127659574468
Carlos Soler,Valencia CF,21,RM,21000000.0,31000.0,48300000.0,130.0
Odriozola,Real Madrid,22,RB,18500000.0,115000.0,41600000.0,124.86486486486486
M. Almirón,Atlanta United,24,CAM,19500000.0,11000.0,30700000.0,57.43589743589743
Welington Dano,Cruzeiro,30,LB,10500000.0,34000.0,20000000.0,90.47619047619048
Oyarzabal,Real Sociedad,21,CAM,21000000.0,29000.0,48300000.0,130.0
F. Balbuena,West Ham United,26,RCB,15500000.0,80000.0,30600000.0,97.41935483870968
M. Marega,FC Porto,27,RS,16000000.0,19000.0,32000000.0,100.0
B. Pavard,VfB Stuttgart,22,RB,17500000.0,33000.0,33300000.0,90.28571428571428
W. Ndidi,Leicester City,21,LDM,17000000.0,50000.0,33600000.0,97.6470588235294
A. Onana,Ajax,22,GK,14500000.0,14000.0,21400000.0,47.58620689655172
G. Lo Celso,Real Betis,22,RCM,20000000.0,72000.0,37700000.0,88.5
M. Acuña,Sporting CP,26,LB,12500000.0,16000.0,25000000.0,100.0
Rúben Neves,Wolverhampton Wanderers,21,LCM,20500000.0,59000.0,43100000.0,110.2439024390244
Mariano,Real Madrid,24,ST,20000000.0,140000.0,42500000.0,112.5
Raúl,SC Braga,28,CB,12000000.0,19000.0,24000000.0,100.0
M. Caldara,Milan,24,CB,17500000.0,73000.0,33300000.0,90.28571428571428
M. Vecino,Inter,26,LM,14500000.0,63000.0,25700000.0,77.24137931034483
T. Bakayoko,Milan,23,LCM,17000000.0,85000.0,32100000.0,88.8235294117647
M. Dahoud,Borussia Dortmund,22,CM,20000000.0,50000.0,38000000.0,90.0
Rafa,SL Benfica,25,RW,18500000.0,17000.0,38400000.0,107.56756756756755
K. Baldé,Inter,23,RM,20000000.0,65000.0,38100000.0,90.5
G. Rulli,Real Sociedad,26,GK,14000000.0,26000.0,30500000.0,117.85714285714286
Rony Lopes,AS Monaco,22,RM,20000000.0,65000.0,39500000.0,97.5
Santi Mina,Valencia CF,22,LS,20000000.0,40000.0,43500000.0,117.5
K. Demirbay,TSG 1899 Hoffenheim,24,RCM,19500000.0,37000.0,34600000.0,77.43589743589745
Gayà,Valencia CF,23,LB,16500000.0,33000.0,35900000.0,117.57575757575758
André Gomes,Everton,24,LDM,19500000.0,130000.0,34700000.0,77.94871794871796
N. Tagliafico,Ajax,25,LB,15000000.0,20000.0,22100000.0,47.333333333333336
M. Sanson,Olympique de Marseille,23,RDM,19500000.0,47000.0,38500000.0,97.43589743589743
Pacheco,Deportivo Alavés,26,GK,13000000.0,23000.0,28300000.0,117.6923076923077
E. Can,Juventus,24,CM,19500000.0,91000.0,33600000.0,72.3076923076923
H. Çalhanoğlu,Milan,24,CAM,19500000.0,89000.0,34600000.0,77.43589743589745
M. Ginter,Borussia Mönchengladbach,24,RWB,15500000.0,28000.0,27500000.0,77.41935483870968
M. Keane,Everton,25,RCB,15500000.0,88000.0,30600000.0,97.41935483870968
T. Stepanenko,Shakhtar Donetsk,28,RDM,12000000.0,1000.0,25200000.0,110.00000000000001
L. Shaw,Manchester United,22,LB,16500000.0,96000.0,31800000.0,92.72727272727272
Z. Feddal,Real Betis,28,CB,12000000.0,29000.0,25200000.0,110.00000000000001
S. Haller,Eintracht Frankfurt,24,RS,19000000.0,41000.0,33700000.0,77.36842105263158
Bernard,Everton,25,LM,17500000.0,97000.0,34600000.0,97.71428571428571
T. Inui,Real Betis,30,LM,14000000.0,30000.0,29400000.0,110.00000000000001
Portu,Girona FC,26,RM,17500000.0,37000.0,38100000.0,117.71428571428571
M. Batshuayi,Valencia CF,24,ST,19500000.0,105000.0,36200000.0,85.64102564102564
E. Zahavi,Guangzhou R&F; FC,30,LS,14500000.0,24000.0,31200000.0,115.17241379310346
T. Vaclík,Sevilla FC,29,GK,11500000.0,17000.0,25000000.0,117.3913043478261
N. Pope,Burnley,26,GK,13000000.0,48000.0,25700000.0,97.6923076923077
Héctor Bellerín,Arsenal,23,RB,16500000.0,85000.0,32600000.0,97.57575757575758
P. Kadeřábek,TSG 1899 Hoffenheim,26,RWB,14000000.0,39000.0,24900000.0,77.85714285714286
J. Butland,Stoke City,25,GK,14000000.0,39000.0,27700000.0,97.85714285714285
J. Vestergaard,Southampton,25,CB,14500000.0,51000.0,28600000.0,97.24137931034483
J. Tarkowski,Burnley,25,RCB,15500000.0,56000.0,30600000.0,97.41935483870968
Deulofeu,Watford,24,RS,18500000.0,56000.0,36500000.0,97.2972972972973
E. Dier,Tottenham Hotspur,24,CDM,16500000.0,73000.0,31800000.0,92.72727272727272
J. Murillo,Valencia CF,26,LCB,16000000.0,38000.0,34800000.0,117.5
M. Badelj,Lazio,29,CDM,11500000.0,53000.0,19600000.0,70.43478260869566
Ismaily,Shakhtar Donetsk,28,LB,11500000.0,1000.0,24200000.0,110.43478260869566
N. Schulz,TSG 1899 Hoffenheim,25,LWB,14500000.0,37000.0,25700000.0,77.24137931034483
L. Digne,Everton,24,LB,16000000.0,79000.0,31600000.0,97.5
M. Uth,FC Schalke 04,26,ST,17500000.0,42000.0,31100000.0,77.71428571428571
Cristian Tello,Real Betis,26,LM,16000000.0,30000.0,33600000.0,110.00000000000001
D. Vida,Beşiktaş JK,29,LCB,11500000.0,55000.0,21900000.0,90.43478260869566
L. Muriel,Sevilla FC,27,ST,17500000.0,24000.0,38100000.0,117.71428571428571
V. Aboubakar,FC Porto,26,ST,18000000.0,19000.0,37400000.0,107.77777777777777
A. Oxlade-Chamberlain,Liverpool,24,CM,19500000.0,94000.0,38500000.0,97.43589743589743
S. Aurier,Tottenham Hotspur,25,RB,15500000.0,82000.0,29800000.0,92.25806451612904
J. Matip,Liverpool,26,CB,15000000.0,99000.0,29600000.0,97.33333333333334
Y. Rakitskyi,Shakhtar Donetsk,28,LCB,12000000.0,1000.0,25200000.0,110.00000000000001
Sergi Enrich,SD Eibar,28,RS,15500000.0,34000.0,32600000.0,110.3225806451613
A. Yarmolenko,West Ham United,28,RM,15000000.0,92000.0,28500000.0,90.0
Hugo Mallo,RC Celta,27,RB,13500000.0,27000.0,29400000.0,117.77777777777779
André Almeida,SL Benfica,27,RB,12000000.0,15000.0,24000000.0,100.0
D. Didavi,VfB Stuttgart,28,CAM,15000000.0,44000.0,25500000.0,70.0
R. Rodríguez,Milan,25,LB,15500000.0,81000.0,27500000.0,77.41935483870968
R. Pereyra,Watford,27,LM,15500000.0,65000.0,29500000.0,90.32258064516128
Mario Gaspar,Villarreal CF,27,RB,12000000.0,35000.0,25200000.0,110.00000000000001
Maicon,Galatasaray SK,29,CB,11500000.0,63000.0,21900000.0,90.43478260869566
D. Blind,Ajax,28,LB,12000000.0,22000.0,16800000.0,40.0
J. Zoet,PSV,27,GK,12500000.0,16000.0,18400000.0,47.199999999999996
A. Ljajić,Beşiktaş JK,26,CAM,17500000.0,52000.0,33100000.0,89.14285714285714
Canales,Real Betis,27,RCM,15500000.0,30000.0,32600000.0,110.3225806451613
Iago Falqué,Torino,28,RW,15000000.0,59000.0,25500000.0,70.0
L. de Jong,PSV,27,ST,16000000.0,23000.0,22400000.0,40.0
Muniain,Athletic Club de Bilbao,25,CAM,18500000.0,31000.0,40200000.0,117.29729729729729
Susaeta,Athletic Club de Bilbao,30,RW,14000000.0,33000.0,29400000.0,110.00000000000001
S. Rudy,FC Schalke 04,28,CDM,12000000.0,37000.0,20400000.0,70.0
K. Trapp,Eintracht Frankfurt,27,GK,11500000.0,61000.0,20900000.0,81.73913043478261
V. Wanyama,Tottenham Hotspur,27,CDM,14500000.0,86000.0,27900000.0,92.41379310344827
N. Nkoulou,Torino,28,CB,12000000.0,50000.0,20400000.0,70.0
R. Boudebouz,Real Betis,28,CAM,15000000.0,31000.0,31500000.0,110.00000000000001
Camacho,VfL Wolfsburg,28,CDM,13500000.0,51000.0,24000000.0,77.77777777777779
M. Musacchio,Milan,27,RCB,12500000.0,85000.0,21300000.0,70.39999999999999
C. Stuani,Girona FC,31,ST,13500000.0,41000.0,28400000.0,110.37037037037037
P. Gulácsi,RB Leipzig,28,GK,10500000.0,45000.0,17900000.0,70.47619047619048
F. Delph,Manchester City,28,LB,11500000.0,120000.0,21300000.0,85.21739130434783
A. Lallana,Liverpool,30,CM,13500000.0,110000.0,25700000.0,90.37037037037037
S. Coleman,Everton,29,RWB,11000000.0,97000.0,20900000.0,90.0
Alexandre Pato,Tianjin Quanjian FC,28,ST,15500000.0,35000.0,33300000.0,114.83870967741936
Beñat,Athletic Club de Bilbao,31,LCM,12500000.0,30000.0,26300000.0,110.4
A. Fernández,Beijing Renhe FC,32,LDM,11000000.0,20000.0,23700000.0,115.45454545454545
K. Gameiro,Valencia CF,31,ST,13500000.0,45000.0,28400000.0,110.37037037037037
V. Birsa,Chievo Verona,31,CAM,13000000.0,23000.0,22100000.0,70.0
D. Valeri,Portland Timbers,32,RF,11500000.0,12000.0,17300000.0,50.43478260869565
D. Sturridge,Liverpool,28,ST,15500000.0,125000.0,29500000.0,90.32258064516128
Raúl García,Athletic Club de Bilbao,31,CAM,13000000.0,30000.0,27300000.0,110.00000000000001
S. Defour,Burnley,30,LCM,13500000.0,65000.0,25700000.0,90.37037037037037
A. Gignac,Tigres U.A.N.L.,32,ST,12000000.0,70000.0,19200000.0,60.0
M. Gómez,VfB Stuttgart,32,LS,12000000.0,46000.0,20400000.0,70.0
Jesús Navas,Sevilla FC,32,RM,11500000.0,22000.0,24200000.0,110.43478260869566
W. Rooney,DC United,32,ST,12000000.0,13000.0,18000000.0,50.0
V. Tsygankov,Dynamo Kyiv,20,RM,18000000.0,1000.0,41400000.0,130.0
Rúben Dias,SL Benfica,21,RCB,15000000.0,10000.0,33000000.0,120.0
David Neres,Ajax,21,RW,18000000.0,18000.0,28800000.0,60.0
Raphinha,Sporting CP,21,RM,18000000.0,13000.0,39600000.0,120.0
A. Harit,FC Schalke 04,21,LCM,18000000.0,27000.0,34200000.0,90.0
Richarlison,Everton,21,ST,18000000.0,79000.0,37800000.0,110.00000000000001
L. Martínez,Inter,20,ST,18000000.0,54000.0,34200000.0,90.0
F. Kessié,Milan,21,CM,19500000.0,24000.0,36700000.0,88.2051282051282
Luimo Boas Santos,Santos,30,ST,12000000.0,26000.0,22800000.0,90.0
André Silva,Sevilla FC,22,ST,19000000.0,84000.0,36600000.0,92.63157894736842
C. Pulisic,Borussia Dortmund,19,RM,18000000.0,26000.0,34200000.0,90.0
L. Tousart,Olympique Lyonnais,21,RDM,14500000.0,43000.0,28600000.0,97.24137931034483
Marcos Llorente,Real Madrid,23,CDM,16000000.0,110000.0,36000000.0,125.0
B. Verbič,Dynamo Kyiv,24,LM,15500000.0,1000.0,33700000.0,117.41935483870967
S. Bergwijn,PSV,20,LW,18000000.0,17000.0,28800000.0,60.0
A. Diallo,Borussia Dortmund,22,LCB,15000000.0,43000.0,28500000.0,90.0
A. Golovin,AS Monaco,22,CAM,17000000.0,61000.0,35700000.0,110.00000000000001
C. Pavón,Boca Juniors,22,RW,17500000.0,27000.0,28000000.0,60.0
K. Toko-Ekambi,Villarreal CF,25,LS,15000000.0,38000.0,32600000.0,117.33333333333333
Granell,Girona FC,29,LWB,12000000.0,37000.0,25200000.0,110.00000000000001
F. Cervi,SL Benfica,24,LW,17000000.0,15000.0,35300000.0,107.6470588235294
J. Weigl,Borussia Dortmund,22,CDM,14500000.0,43000.0,25700000.0,77.24137931034483
V. Lindelöf,Manchester United,23,CB,14500000.0,91000.0,29700000.0,104.82758620689656
A. Rebić,Eintracht Frankfurt,24,CAM,16000000.0,39000.0,28400000.0,77.5
A. Sanabria,Real Betis,22,ST,17500000.0,27000.0,40300000.0,130.2857142857143
R. Battaglia,Sporting CP,26,CM,14500000.0,17000.0,30100000.0,107.58620689655172
M. Philipp,Borussia Dortmund,24,ST,17000000.0,53000.0,30200000.0,77.64705882352942
A. Saint-Maximin,OGC Nice,21,RS,18000000.0,31000.0,37800000.0,110.00000000000001
D. Zappacosta,Chelsea,26,RB,12500000.0,94000.0,24100000.0,92.80000000000001
L. Alario,Bayer 04 Leverkusen,25,ST,16000000.0,67000.0,28400000.0,77.5
D. Benedetto,Boca Juniors,28,ST,13000000.0,32000.0,18200000.0,40.0
I. Marcone,Cruz Azul,28,RDM,11500000.0,31000.0,20400000.0,77.39130434782608
J. Gbamin,1. FSV Mainz 05,22,RCM,14500000.0,26000.0,27200000.0,87.58620689655172
J. Lerma,Bournemouth,23,RCM,14500000.0,55000.0,28600000.0,97.24137931034483
Ricardo Horta,SC Braga,23,LM,17000000.0,16000.0,35300000.0,107.6470588235294
R. Zobnin,Spartak Moscow,24,LDM,15000000.0,1000.0,34500000.0,130.0
M. Meyer,Crystal Palace,22,LM,16000000.0,53000.0,31600000.0,97.5
Bruma,RB Leipzig,23,LW,16500000.0,48000.0,29300000.0,77.57575757575758
R. Centurión,Racing Club,25,RM,15500000.0,25000.0,24400000.0,57.41935483870968
Jonny,Wolverhampton Wanderers,24,LWB,13500000.0,43000.0,26200000.0,94.07407407407408
Otávio,FC Porto,23,RM,17500000.0,15000.0,38500000.0,120.0
J. Hofmann,Borussia Mönchengladbach,25,CAM,15000000.0,32000.0,26600000.0,77.33333333333333
N. Aké,Bournemouth,23,CB,14500000.0,55000.0,28600000.0,97.24137931034483
S. Kolašinac,Arsenal,25,LB,13000000.0,89000.0,25700000.0,97.6923076923077
Roger,Levante UD,27,RS,14500000.0,32000.0,31500000.0,117.24137931034481
Sergio Rico,Fulham,24,GK,11500000.0,13000.0,21700000.0,88.69565217391305
L. Milivojević,Crystal Palace,27,RCM,12500000.0,56000.0,24700000.0,97.6
D. Baselli,Torino,26,CDM,15500000.0,49000.0,27500000.0,77.41935483870968
K. Rekik,Hertha BSC,23,CB,14000000.0,26000.0,24900000.0,77.85714285714286
Denis Suárez,FC Barcelona,24,CM,17500000.0,120000.0,39400000.0,125.14285714285714
W. Orban,RB Leipzig,25,RCB,13000000.0,48000.0,23100000.0,77.6923076923077
Mário Rui,Napoli,27,LB,11500000.0,60000.0,20400000.0,77.39130434782608
Iñigo Martínez,Athletic Club de Bilbao,27,LCB,12000000.0,26000.0,26100000.0,117.5
K. Zouma,Everton,23,CB,14000000.0,80000.0,28200000.0,101.42857142857142
J. Brooks,VfL Wolfsburg,25,LCB,14000000.0,44000.0,24900000.0,77.85714285714286
L. Karius,Beşiktaş JK,25,GK,11500000.0,71000.0,21600000.0,87.82608695652175
Zé Luís,Spartak Moscow,27,ST,14500000.0,1000.0,31500000.0,117.24137931034481
D. Klaassen,SV Werder Bremen,25,LCM,15000000.0,32000.0,26600000.0,77.33333333333333
M. Elyounoussi,Southampton,23,LM,17500000.0,48000.0,36800000.0,110.28571428571428
L. Bittencourt,TSG 1899 Hoffenheim,24,LM,16000000.0,35000.0,28400000.0,77.5
Sergi Darder,RCD Espanyol,24,RCM,16000000.0,29000.0,34800000.0,117.5
J. Roussillon,VfL Wolfsburg,25,LB,14000000.0,44000.0,24900000.0,77.85714285714286
D. Demme,RB Leipzig,26,CDM,12000000.0,50000.0,21300000.0,77.5
J. Gouweleeuw,FC Augsburg,26,RCB,12000000.0,28000.0,21300000.0,77.5
J. Veretout,Fiorentina,25,CDM,16500000.0,59000.0,29300000.0,77.57575757575758
L. Kurzawa,Paris Saint-Germain,25,LB,13000000.0,68000.0,25000000.0,92.3076923076923
G. Ramírez,Sampdoria,27,CAM,13000000.0,41000.0,22100000.0,70.0
A. Mandi,Real Betis,26,RCB,13000000.0,26000.0,28300000.0,117.6923076923077
D. Sidibé,AS Monaco,25,RB,12000000.0,61000.0,23700000.0,97.5
Y. Konoplyanka,FC Schalke 04,28,LW,12500000.0,41000.0,21300000.0,70.39999999999999
S. Berghuis,Feyenoord,26,RW,15000000.0,20000.0,22100000.0,47.333333333333336
H. Vanaken,Club Brugge KV,25,CAM,15500000.0,27000.0,24400000.0,57.41935483870968
Campaña,Levante UD,25,CDM,15500000.0,28000.0,33700000.0,117.41935483870967
M. van Ginkel,Chelsea,25,CM,14500000.0,98000.0,27900000.0,92.41379310344827
Nolito,Sevilla FC,31,LM,11000000.0,21000.0,23100000.0,110.00000000000001
M. Gregoritsch,FC Augsburg,24,CAM,16000000.0,27000.0,28400000.0,77.5
Ibai Gómez,Deportivo Alavés,28,RM,12500000.0,31000.0,26300000.0,110.4
Danilo,Manchester City,26,RB,12000000.0,110000.0,23100000.0,92.5
R. Barkley,Chelsea,24,CAM,16000000.0,89000.0,30800000.0,92.5
M. Ryan,Brighton & Hove Albion,26,GK,10500000.0,41000.0,20700000.0,97.14285714285714
Sergio León,Real Betis,29,ST,12500000.0,32000.0,26300000.0,110.4
B. Stambouli,FC Schalke 04,27,RCB,10500000.0,33000.0,17900000.0,70.47619047619048
J. Guilavogui,VfL Wolfsburg,27,CDM,12000000.0,46000.0,21300000.0,77.5
Sérgio Oliveira,FC Porto,26,CM,15500000.0,17000.0,32200000.0,107.74193548387096
C. Wilson,Bournemouth,26,ST,15500000.0,77000.0,30600000.0,97.41935483870968
P. Jones,Manchester United,26,CB,12000000.0,110000.0,23100000.0,92.5
Borja García,Girona FC,27,LM,13000000.0,35000.0,27300000.0,110.00000000000001
Y. Belhanda,Galatasaray SK,28,CAM,12500000.0,65000.0,23800000.0,90.4
G. Pezzella,Fiorentina,27,RCB,12500000.0,56000.0,22200000.0,77.60000000000001
C. Tosun,Everton,27,ST,14500000.0,105000.0,28600000.0,97.24137931034483
Kike García,SD Eibar,28,ST,13000000.0,32000.0,27300000.0,110.00000000000001
Elkeson,Shanghai SIPG FC,28,ST,13000000.0,25000.0,28600000.0,120.0
Ricardo Goulart,Guangzhou Evergrande Taobao FC,27,CF,14500000.0,25000.0,33000000.0,127.58620689655173
J. Guðmundsson,Burnley,27,RM,13000000.0,61000.0,24700000.0,90.0
N. Clyne,Liverpool,27,RB,11500000.0,94000.0,22700000.0,97.3913043478261
Rafael,Olympique Lyonnais,27,RB,10500000.0,60000.0,20000000.0,90.47619047619048
J. Wilshere,West Ham United,26,CM,15000000.0,83000.0,29600000.0,97.33333333333334
F. Coquelin,Valencia CF,27,LCM,12000000.0,36000.0,26100000.0,117.5
Alex Teixeira,Jiangsu Suning FC,28,LS,13000000.0,30000.0,28000000.0,115.38461538461537
A. Dzagoev,PFC CSKA Moscow,28,RDM,12500000.0,1000.0,27500000.0,120.0
Y. M'Vila,AS Saint-Étienne,28,LDM,11500000.0,36000.0,22700000.0,97.3913043478261
D. Drinkwater,Chelsea,28,CM,12500000.0,110000.0,23100000.0,84.8
N. Kalinić,Atlético Madrid,30,ST,12000000.0,60000.0,24600000.0,105.0
S. Feghouli,Galatasaray SK,28,RM,12500000.0,65000.0,23800000.0,90.4
Adrien Silva,Leicester City,29,CM,12000000.0,75000.0,22800000.0,90.0
I. Traoré,Borussia Mönchengladbach,30,RM,12000000.0,34000.0,20400000.0,70.0
N. Petersen,SC Freiburg,29,RS,12500000.0,35000.0,22500000.0,80.0
M. Sakho,Crystal Palace,28,CB,11500000.0,58000.0,22700000.0,97.3913043478261
Sidnei,Real Betis,28,LCB,11500000.0,27000.0,25000000.0,117.3913043478261
S. Jovetić,AS Monaco,28,ST,13000000.0,79000.0,24700000.0,90.0
Eder,Jiangsu Suning FC,31,RS,11500000.0,29000.0,24700000.0,114.78260869565217
J. Hernández,West Ham United,30,ST,12000000.0,90000.0,22800000.0,90.0
Ángel,Getafe CF,31,ST,11500000.0,31000.0,24200000.0,110.43478260869566
M. Fellaini,Manchester United,30,CM,11500000.0,120000.0,21300000.0,85.21739130434783
T. Walcott,Everton,29,RM,12500000.0,105000.0,23800000.0,90.4
H. Ben Arfa,Stade Rennais FC,31,CAM,11000000.0,38000.0,20900000.0,90.0
R. Babel,Beşiktaş JK,31,LM,11000000.0,55000.0,20900000.0,90.0
Loren,Real Betis,24,RS,14000000.0,25000.0,30500000.0,117.85714285714286
Éder Militão,FC Porto,20,LCB,14000000.0,10000.0,30800000.0,120.0
F. Chiesa,Fiorentina,20,RW,16000000.0,46000.0,30400000.0,90.0
M. Lazzari,SPAL,24,RM,13000000.0,15000.0,24400000.0,87.6923076923077
A. Hakimi,Borussia Dortmund,19,LB,12500000.0,49000.0,25000000.0,100.0
S. Nakajima,Portimonense SC,23,LW,14000000.0,12000.0,32200000.0,130.0
L. Jović,Eintracht Frankfurt,20,LS,15500000.0,12000.0,30300000.0,95.48387096774194
S. Ascacíbar,VfB Stuttgart,21,CDM,12000000.0,24000.0,22800000.0,90.0
A. Lafont,Fiorentina,19,GK,14000000.0,12000.0,26600000.0,90.0
T. Alexander-Arnold,Liverpool,19,RB,14000000.0,36000.0,29400000.0,110.00000000000001
F. Krovinović,SL Benfica,22,CAM,14000000.0,12000.0,30800000.0,120.0
P. Lees-Melou,OGC Nice,25,RCM,12500000.0,33000.0,24700000.0,97.6
B. Chilwell,Leicester City,21,LB,12500000.0,43000.0,26300000.0,110.4
João Novais,SC Braga,24,CAM,13000000.0,15000.0,27000000.0,107.6923076923077
D. Calabria,Milan,21,RB,14500000.0,52000.0,27600000.0,90.3448275862069
F. Mendy,Olympique Lyonnais,23,LB,13000000.0,47000.0,27300000.0,110.00000000000001
L. Pellegrini,Roma,22,CM,14000000.0,51000.0,26600000.0,90.0
Soares,FC Porto,27,LS,12000000.0,17000.0,24900000.0,107.5
Daniel Podence,Olympiacos CFP,22,LM,14000000.0,1000.0,33600000.0,140.0
G. Martínez,River Plate,25,CAM,13500000.0,25000.0,19900000.0,47.40740740740741
M. Eggestein,SV Werder Bremen,21,RCM,14000000.0,22000.0,26600000.0,90.0
Trezeguet,Kasimpaşa SK,23,LM,13000000.0,15000.0,27000000.0,107.6923076923077
N. Amiri,TSG 1899 Hoffenheim,21,CAM,14500000.0,27000.0,27600000.0,90.3448275862069
Vallejo,Real Madrid,21,CB,13500000.0,81000.0,30400000.0,125.18518518518518
J. Gomez,Liverpool,21,CB,14500000.0,61000.0,30500000.0,110.34482758620689
Diogo Jota,Wolverhampton Wanderers,21,LW,15500000.0,56000.0,32600000.0,110.3225806451613
Joan Jordán,SD Eibar,23,LCM,13500000.0,22000.0,29400000.0,117.77777777777779
Dyego Sousa,SC Braga,28,ST,10500000.0,19000.0,21000000.0,100.0
A. Marušić,Lazio,25,RM,12500000.0,46000.0,22200000.0,77.60000000000001
V. Rongier,FC Nantes,23,RCM,14000000.0,25000.0,27700000.0,97.85714285714285
W. Weghorst,VfL Wolfsburg,25,LS,13000000.0,48000.0,23100000.0,77.6923076923077
O. Al Soma,Al Ahli,29,LS,10500000.0,47000.0,17900000.0,70.47619047619048
M. Nakamba,Club Brugge KV,24,LCM,12000000.0,20000.0,18900000.0,57.49999999999999
Pablo Maffeo,VfB Stuttgart,20,RWB,13000000.0,24000.0,24700000.0,90.0
Y. Mina,Everton,23,LCB,12500000.0,68000.0,26300000.0,110.4
Diego Carlos,FC Nantes,25,RCB,10500000.0,25000.0,20700000.0,97.14285714285714
G. Simeone,Fiorentina,22,ST,15000000.0,53000.0,28500000.0,90.0
M. Meza,Independiente,25,LM,12500000.0,23000.0,18400000.0,47.199999999999996
S. Lobotka,RC Celta,23,CM,14000000.0,22000.0,32200000.0,130.0
Y. Tielemans,AS Monaco,21,CM,16000000.0,47000.0,33600000.0,110.00000000000001
K. Tete,Olympique Lyonnais,22,RB,11500000.0,47000.0,22700000.0,97.3913043478261
Capa,Athletic Club de Bilbao,26,RB,10500000.0,23000.0,22800000.0,117.14285714285715
Jemerson,AS Monaco,25,LCB,11000000.0,55000.0,21700000.0,97.27272727272728
N. Maksimović,Napoli,26,CB,11000000.0,54000.0,19500000.0,77.27272727272727
D. Zapata,Atalanta,27,RS,12000000.0,41000.0,22800000.0,90.0
J. Correa,Lazio,23,LM,14000000.0,42000.0,24900000.0,77.85714285714286
E. Rigoni,Atalanta,25,RM,13000000.0,29000.0,23100000.0,77.6923076923077
W. Barrios,Boca Juniors,24,CDM,12500000.0,20000.0,20000000.0,60.0
J. Mojica,Girona FC,25,LWB,10500000.0,28000.0,22800000.0,117.14285714285715
A. Iwobi,Arsenal,22,LM,14000000.0,81000.0,29400000.0,110.00000000000001
D. Laxalt,Milan,25,LB,12500000.0,76000.0,22200000.0,77.60000000000001
N. Bentaleb,FC Schalke 04,23,CM,13500000.0,29000.0,24000000.0,77.77777777777779
N. Stark,Hertha BSC,23,CB,12000000.0,24000.0,22800000.0,90.0
M. Lemina,Southampton,24,LCM,13500000.0,44000.0,26700000.0,97.77777777777777
L. Dendoncker,Wolverhampton Wanderers,23,CB,12000000.0,18000.0,21900000.0,82.5
Ricardo Esgaio,SC Braga,25,RM,12500000.0,16000.0,25900000.0,107.2
P. Sisto,RC Celta,23,LW,14000000.0,25000.0,32200000.0,130.0
P. Max,FC Augsburg,24,LWB,11000000.0,22000.0,19500000.0,77.27272727272727
R. Gagliardini,Inter,24,CDM,11500000.0,46000.0,20400000.0,77.39130434782608
Pere Pons,Girona FC,25,RCM,13500000.0,31000.0,29400000.0,117.77777777777779
D. Berardi,Sassuolo,23,RW,14000000.0,50000.0,24900000.0,77.85714285714286
J. Quintero,River Plate,25,CAM,12500000.0,15000.0,23200000.0,85.6
Óliver Torres,FC Porto,23,CM,13500000.0,13000.0,28000000.0,107.40740740740742
Omar Mascarell,FC Schalke 04,25,CDM,10500000.0,29000.0,18600000.0,77.14285714285715
Andreas Pereira,Manchester United,22,CM,14000000.0,91000.0,28700000.0,105.0
A. Januzaj,Real Sociedad,23,RW,14000000.0,29000.0,32200000.0,130.0
B. Cristante,Roma,23,CM,15000000.0,26000.0,28300000.0,88.66666666666667
B. Traoré,Olympique Lyonnais,22,RM,14000000.0,57000.0,27700000.0,97.85714285714285
Y. Poulsen,RB Leipzig,24,RW,13000000.0,48000.0,23100000.0,77.6923076923077
L. Trossard,KRC Genk,23,LM,14000000.0,17000.0,23800000.0,70.0
M. Arnold,VfL Wolfsburg,24,LCM,13500000.0,40000.0,24000000.0,77.77777777777779
M. De Sciglio,Juventus,25,RB,10500000.0,78000.0,18100000.0,72.38095238095238
Leo Baptistao,RCD Espanyol,25,RW,12500000.0,29000.0,27200000.0,117.6
L. Pavoletti,Cagliari,29,RS,10500000.0,39000.0,17900000.0,70.47619047619048
A. Cragno,Cagliari,24,GK,10500000.0,21000.0,20000000.0,90.47619047619048
N. Füllkrug,Hannover 96,25,RS,12500000.0,38000.0,23400000.0,87.2
R. Jiménez,Wolverhampton Wanderers,27,RS,12000000.0,15000.0,22400000.0,86.66666666666667
E. Sala,FC Nantes,27,ST,11000000.0,31000.0,20900000.0,90.0
S. García,Godoy Cruz,27,ST,11000000.0,20000.0,16000000.0,45.45454545454545
S. Arias,Atlético Madrid,26,RB,10500000.0,46000.0,22300000.0,112.38095238095238
Pozuelo,KRC Genk,26,CAM,12000000.0,19000.0,18900000.0,57.49999999999999
A. Trebel,RSC Anderlecht,27,CM,11500000.0,23000.0,18100000.0,57.391304347826086
J. Lascelles,Newcastle United,24,RCB,12000000.0,39000.0,23700000.0,97.5
T. Kongolo,Huddersfield Town,24,LCB,12000000.0,39000.0,23700000.0,97.5
A. Carrillo,Al Hilal,27,RM,11000000.0,14000.0,20900000.0,90.0
G. Defrel,Sampdoria,27,LS,11000000.0,64000.0,20500000.0,86.36363636363636
Fernando,Spartak Moscow,26,CDM,11000000.0,1000.0,23900000.0,117.27272727272727
V. Darida,Hertha BSC,27,CM,10500000.0,30000.0,17900000.0,70.47619047619048
R. Saponara,Sampdoria,26,CAM,12500000.0,56000.0,23800000.0,90.4
N. Chadli,AS Monaco,28,LM,10500000.0,66000.0,20000000.0,90.47619047619048
L. Dunk,Brighton & Hove Albion,26,LCB,11000000.0,46000.0,21700000.0,97.27272727272728
J. Guidetti,Deportivo Alavés,26,LS,13000000.0,29000.0,28300000.0,117.6923076923077
Sergi Gómez,Sevilla FC,26,LCB,11500000.0,17000.0,25000000.0,117.3913043478261
Oriol Romeu,Southampton,26,CDM,10500000.0,46000.0,20700000.0,97.14285714285714
Lucas Pérez,West Ham United,29,ST,10500000.0,85000.0,20000000.0,90.47619047619048
O. Özyakup,Beşiktaş JK,25,RDM,13000000.0,47000.0,25700000.0,97.6923076923077
K. Papadopoulos,Hamburger SV,26,CB,10500000.0,16000.0,17600000.0,67.61904761904762
V. Moses,Chelsea,27,RW,11000000.0,105000.0,20400000.0,85.45454545454545
N. Gudelj,Sporting CP,26,CDM,10500000.0,19000.0,19700000.0,87.61904761904762
R. Cabella,AS Saint-Étienne,28,CAM,10500000.0,36000.0,20000000.0,90.47619047619048
J. Shelvey,Newcastle United,26,CM,12500000.0,50000.0,24700000.0,97.6
J. Ward-Prowse,Southampton,23,RM,12000000.0,41000.0,23700000.0,97.5
G. Pereiro,PSV,23,RM,12000000.0,15000.0,17700000.0,47.5
Aarón Martín,1. FSV Mainz 05,21,LB,11000000.0,18000.0,22400000.0,103.63636363636364
Gabriel,SL Benfica,24,CM,11500000.0,11000.0,23900000.0,107.82608695652173
T. Vilhena,Feyenoord,23,CM,11500000.0,13000.0,17000000.0,47.82608695652174
J. Izquierdo,Brighton & Hove Albion,25,LM,10500000.0,45000.0,20700000.0,97.14285714285714
J. Maddison,Leicester City,21,CAM,13000000.0,45000.0,27300000.0,110.00000000000001
M. Gabbiadini,Southampton,26,ST,10500000.0,51000.0,20700000.0,97.14285714285714
E. Akbaba,Galatasaray SK,25,CAM,11000000.0,51000.0,21700000.0,97.27272727272728
R. Malinovskyi,KRC Genk,25,RCM,11500000.0,17000.0,18100000.0,57.391304347826086
G. Conti,SL Benfica,23,CB,10500000.0,10000.0,23100000.0,120.0
L. Cook,Bournemouth,21,CM,12500000.0,44000.0,26300000.0,110.4
N. Elvedi,Borussia Mönchengladbach,21,RCB,11000000.0,19000.0,20900000.0,90.0
Jorge Meré,1. FC Köln,21,CB,10500000.0,15000.0,17900000.0,70.47619047619048
A. Jahanbakhsh,Brighton & Hove Albion,24,RM,11500000.0,41000.0,22700000.0,97.3913043478261
J. Calleri,Deportivo Alavés,24,LS,12000000.0,24000.0,26100000.0,117.5
L. Ocampos,Olympique de Marseille,23,LM,12000000.0,38000.0,23700000.0,97.5
L. Dubois,Olympique Lyonnais,23,RB,10500000.0,44000.0,22100000.0,110.47619047619048
A. Živković,SL Benfica,21,LW,12500000.0,11000.0,27500000.0,120.0
A. Miranchuk,Lokomotiv Moscow,22,CAM,12000000.0,1000.0,26100000.0,117.5
B. Bourigeaud,Stade Rennais FC,24,LM,11500000.0,28000.0,22700000.0,97.3913043478261
J. Sancho,Borussia Dortmund,18,RM,14500000.0,22000.0,27600000.0,90.3448275862069
Munir,FC Barcelona,22,ST,12500000.0,115000.0,28100000.0,124.8
W. Anton,Hannover 96,21,RCB,11000000.0,22000.0,22000000.0,100.0
Rúben Vezo,Valencia CF,24,CB,10500000.0,26000.0,24200000.0,130.47619047619048
Yeray,Athletic Club de Bilbao,23,RCB,10500000.0,19000.0,24200000.0,130.47619047619048
C. Ünder,Roma,20,LM,14500000.0,46000.0,27600000.0,90.3448275862069
M. Dabbur,FC Red Bull Salzburg,26,RS,11000000.0,40000.0,17300000.0,57.27272727272727
Djaniny,Al Ahli,27,ST,10500000.0,42000.0,18600000.0,77.14285714285715
N. Mukiele,RB Leipzig,20,RB,12000000.0,30000.0,22800000.0,90.0
Diego Llorente,Real Sociedad,24,RCB,10500000.0,22000.0,24200000.0,130.47619047619048
C. Wood,Burnley,26,ST,10500000.0,56000.0,20700000.0,97.14285714285714
V. Grifo,TSG 1899 Hoffenheim,25,LM,11000000.0,33000.0,19500000.0,77.27272727272727
L. Spinazzola,Juventus,25,LM,11000000.0,80000.0,19000000.0,72.72727272727273
D. Pröpper,Brighton & Hove Albion,26,CM,10500000.0,47000.0,20700000.0,97.14285714285714
R. Inglese,Parma,26,ST,10500000.0,60000.0,19700000.0,87.61904761904762
R. De Paul,Udinese,24,LW,12000000.0,27000.0,24000000.0,100.0
D. Zakaria,Borussia Mönchengladbach,21,CM,13000000.0,21000.0,24700000.0,90.0
G. Dzhikiya,Spartak Moscow,24,CB,10500000.0,1000.0,24200000.0,130.47619047619048
N. Castillo,SL Benfica,25,ST,12000000.0,14000.0,24900000.0,107.5
D. Origi,Liverpool,23,ST,12000000.0,83000.0,23700000.0,97.5
O. Yokuşlu,RC Celta,24,LDM,10500000.0,19000.0,24200000.0,130.47619047619048
D. Selke,Hertha BSC,23,RS,12500000.0,27000.0,23800000.0,90.4
P. Cutrone,Milan,20,RS,16000000.0,62000.0,30400000.0,90.0
W. Cyprien,OGC Nice,23,LCM,12500000.0,28000.0,26300000.0,110.4
M. Benassi,Fiorentina,23,RCM,11500000.0,45000.0,20400000.0,77.39130434782608
R. Brady,Burnley,26,LWB,10500000.0,52000.0,20700000.0,97.14285714285714
R. Loftus-Cheek,Chelsea,22,CM,13000000.0,76000.0,26700000.0,105.38461538461539
A. Mitrović,Fulham,23,ST,12000000.0,52000.0,23700000.0,97.5
K. Lasagna,Udinese,25,ST,11500000.0,29000.0,21600000.0,87.82608695652175
M. Wolf,Borussia Dortmund,23,RM,12000000.0,41000.0,21300000.0,77.5
N. Jørgensen,Feyenoord,27,ST,10500000.0,17000.0,15500000.0,47.61904761904761
J. Lukaku,Lazio,23,LM,11500000.0,39000.0,20400000.0,77.39130434782608
J. Augustin,RB Leipzig,21,ST,13500000.0,39000.0,25700000.0,90.37037037037037
M. Diakhaby,Valencia CF,21,CB,11000000.0,22000.0,25300000.0,130.0
D. van de Beek,Ajax,21,CAM,12500000.0,14000.0,20000000.0,60.0
Borja Iglesias,RCD Espanyol,25,ST,12000000.0,29000.0,26100000.0,117.5
G. Shibasaki,Getafe CF,26,LM,11000000.0,24000.0,23900000.0,117.27272727272727
W. Hughes,Watford,23,RM,12500000.0,45000.0,26300000.0,110.4
S. Boufal,RC Celta,24,LM,11500000.0,41000.0,21100000.0,83.47826086956522
T. Kehrer,Paris Saint-Germain,21,RB,11000000.0,43000.0,22600000.0,105.45454545454544
E. Gutiérrez,PSV,23,LCM,13000000.0,15000.0,20800000.0,60.0
D. Upamecano,RB Leipzig,19,LCB,13000000.0,18000.0,24700000.0,90.0
E. Bardhi,Levante UD,22,LCM,12000000.0,22000.0,27600000.0,130.0
F. Ferreyra,SL Benfica,27,ST,10500000.0,14000.0,21800000.0,107.61904761904762
V. Fischer,FC København,24,LM,12000000.0,20000.0,16500000.0,37.5
Wesley,Club Brugge KV,21,LS,13500000.0,20000.0,23000000.0,70.37037037037037
D. Ginczek,VfL Wolfsburg,27,RS,10500000.0,46000.0,18600000.0,77.14285714285715
F. Kostić,Eintracht Frankfurt,25,LM,10500000.0,16000.0,20900000.0,99.04761904761905
R. Fraser,Bournemouth,24,LM,11500000.0,52000.0,22700000.0,97.3913043478261
H. Winks,Tottenham Hotspur,22,CM,13000000.0,66000.0,26700000.0,105.38461538461539
L. Acosta,DC United,24,CAM,11000000.0,8000.0,17300000.0,57.27272727272727
Vinícius Júnior,Real Madrid,17,LW,17500000.0,66000.0,46800000.0,167.42857142857144
K. Fortounis,Olympiacos CFP,25,CAM,11000000.0,1000.0,25000000.0,127.27272727272727
R. Bentancur,Juventus,21,RCM,15500000.0,62000.0,28700000.0,85.16129032258064
T. Hernández,Real Sociedad,20,LB,11000000.0,76000.0,21400000.0,94.54545454545455
I. Diop,West Ham United,21,LCB,12000000.0,46000.0,25200000.0,110.00000000000001
Paulinho,SC Braga,25,LS,11000000.0,16000.0,22800000.0,107.27272727272728
A. Diawara,Napoli,20,CM,14000000.0,41000.0,26600000.0,90.0
F. Kamano,FC Girondins de Bordeaux,22,LW,12000000.0,39000.0,23700000.0,97.5
F. Cartabia,Deportivo de La Coruña,25,RM,11000000.0,12000.0,18400000.0,67.27272727272727
E. Ünal,Real Valladolid CF,21,ST,12500000.0,26000.0,24700000.0,97.6
O. Abdulrahman,Al Hilal,26,CAM,10500000.0,39000.0,18600000.0,77.14285714285715
N. Barella,Cagliari,21,RCM,15500000.0,24000.0,29500000.0,90.32258064516128
Angeliño,PSV,21,LB,10500000.0,11000.0,16800000.0,60.0
F. Grillitsch,TSG 1899 Hoffenheim,22,CM,11500000.0,30000.0,20400000.0,77.39130434782608
Bruno Viana,SC Braga,23,RCB,10500000.0,12000.0,23100000.0,120.0
A. Barák,Udinese,23,CM,12500000.0,24000.0,25000000.0,100.0
F. Andone,Brighton & Hove Albion,25,ST,11500000.0,49000.0,22700000.0,97.3913043478261
R. Funes Mori,Monterrey,27,ST,10500000.0,49000.0,18600000.0,77.14285714285715
P. Schick,Roma,22,ST,14000000.0,53000.0,26600000.0,90.0
A. Schöpf,FC Schalke 04,24,RM,12000000.0,27000.0,21300000.0,77.5
Gabriel Boschilia,FC Nantes,22,RW,10500000.0,48000.0,20900000.0,99.04761904761905
F. Acheampong,Tianjin TEDA FC,24,ST,10500000.0,16000.0,23400000.0,122.85714285714286
Wendel,Sporting CP,20,RCM,12500000.0,10000.0,27500000.0,120.0
Alfa Semedo,SL Benfica,20,CDM,10500000.0,8000.0,23100000.0,120.0
E. Boateng,Levante UD,22,ST,10500000.0,22000.0,24200000.0,130.47619047619048
A. Halilović,Milan,22,RM,11000000.0,61000.0,20900000.0,90.0
J. Jankto,Sampdoria,22,RM,11500000.0,23000.0,22100000.0,92.17391304347827
R. Marin,Standard de Liège,22,CM,10500000.0,15000.0,17900000.0,70.47619047619048
Ayoze Pérez,Newcastle United,24,CF,10500000.0,42000.0,20700000.0,97.14285714285714
M. Pašalić,Atalanta,23,RCM,10500000.0,71000.0,20600000.0,96.19047619047619
Francisco Geraldes,Eintracht Frankfurt,23,CAM,11000000.0,12000.0,21100000.0,91.81818181818183
M. Niang,Stade Rennais FC,23,LW,10500000.0,37000.0,20600000.0,96.19047619047619
F. Benković,Celtic,20,LCB,10500000.0,37000.0,21000000.0,100.0
M. Rashica,SV Werder Bremen,22,RW,11000000.0,25000.0,20900000.0,90.0
N. Nández,Boca Juniors,22,RCM,11500000.0,20000.0,18400000.0,60.0
H. Onyekuru,Galatasaray SK,21,ST,12500000.0,56000.0,25000000.0,100.0
N. Pépé,LOSC Lille,23,RM,11500000.0,26000.0,25300000.0,120.0
Matheus Pereira,1. FC Nürnberg,22,RM,11000000.0,12000.0,21400000.0,94.54545454545455
Gedson Fernandes,SL Benfica,19,RCM,12000000.0,6000.0,26400000.0,120.0
R. Pizarro,Monterrey,24,RCM,10500000.0,37000.0,20000000.0,90.47619047619048
K. Dolberg,Ajax,20,ST,12000000.0,15000.0,19200000.0,60.0
Kenedy,Newcastle United,22,LM,11500000.0,71000.0,22100000.0,92.17391304347827
I. Sarr,Stade Rennais FC,20,RM,13500000.0,22000.0,28400000.0,110.37037037037037
G. Laborde,Montpellier HSC,24,RS,10500000.0,24000.0,21800000.0,107.61904761904762
Iván Alejo,Getafe CF,23,RM,10500000.0,20000.0,22800000.0,117.14285714285715
M. Dembélé,Olympique Lyonnais,21,ST,12000000.0,43000.0,25200000.0,110.00000000000001
A. Petagna,SPAL,23,RS,10500000.0,25000.0,21300000.0,102.85714285714285
De Tomás,Rayo Vallecano,23,ST,11000000.0,105000.0,21300000.0,93.63636363636364
B. Embolo,FC Schalke 04,21,ST,12500000.0,24000.0,23800000.0,90.4
A. Ndiaye Diedhiou,Getafe CF,21,LM,12000000.0,17000.0,27600000.0,130.0
Marc Roca,RCD Espanyol,21,CDM,11500000.0,17000.0,26500000.0,130.43478260869566
V. Koziello,1. FC Köln,22,CM,10500000.0,19000.0,17900000.0,70.47619047619048
Alex Berenguer,Torino,22,LM,10500000.0,34000.0,18600000.0,77.14285714285715
Camarasa,Cardiff City,24,RM,10500000.0,20000.0,22000000.0,109.52380952380953
J. Grealish,Aston Villa,22,LCM,11500000.0,18000.0,24200000.0,110.43478260869566
K. Tierney,Celtic,21,LB,11000000.0,32000.0,22000000.0,100.0
I. Bebou,Hannover 96,24,RM,10500000.0,28000.0,19700000.0,87.61904761904762
Y. Yazıcı,Trabzonspor,21,RM,11000000.0,22000.0,24200000.0,120.0
K. Linetty,Sampdoria,23,CM,10500000.0,28000.0,20000000.0,90.47619047619048
J. Brekalo,VfL Wolfsburg,20,LW,11500000.0,33000.0,21900000.0,90.43478260869566
D. Gray,Leicester City,22,LM,11000000.0,50000.0,23100000.0,110.00000000000001
M. Pjaca,Fiorentina,23,LW,11000000.0,75000.0,20700000.0,88.18181818181819
A. Ćorić,Roma,21,CAM,14000000.0,38000.0,26600000.0,90.0
C. Nkunku,Paris Saint-Germain,20,CM,11500000.0,46000.0,23600000.0,105.21739130434781
A. Umar,Çaykur Rizespor,23,RM,10500000.0,13000.0,21800000.0,107.61904761904762
A. Lunin,CD Leganés,19,GK,10500000.0,24000.0,21000000.0,100.0
M. Simon,Levante UD,22,LM,10500000.0,20000.0,24200000.0,130.47619047619048
S. Berge,KRC Genk,20,RCM,11500000.0,11000.0,19600000.0,70.43478260869566
G. Donsah,Bologna,22,CM,10500000.0,27000.0,20000000.0,90.47619047619048
Dani Olmo,Dinamo Zagreb,20,CAM,11000000.0,1000.0,26400000.0,140.0
Felipe Vizeu,Udinese,21,ST,12000000.0,21000.0,24000000.0,100.0
A. Meret,Napoli,21,GK,12000000.0,24000.0,27900000.0,132.5
M. Mount,Derby County,19,LCM,11000000.0,37000.0,21600000.0,96.36363636363636
R. Sessegnon,Fulham,18,LM,12000000.0,27000.0,30300000.0,152.5
J. Kluivert,Roma,19,LW,11000000.0,28000.0,20900000.0,90.0
Y. Karamoh,FC Girondins de Bordeaux,19,RM,10500000.0,24000.0,22500000.0,114.28571428571428
R. Mandragora,Udinese,21,LCM,10500000.0,18000.0,21000000.0,100.0
Brais Méndez,RC Celta,21,RM,10500000.0,16000.0,24200000.0,130.47619047619048
L. Blas,En Avant de Guingamp,20,LDM,10500000.0,16000.0,23100000.0,120.0
F. Neuhaus,Borussia Mönchengladbach,21,RCM,10500000.0,19000.0,20000000.0,90.47619047619048
Adama,Wolverhampton Wanderers,22,RW,10500000.0,54000.0,22100000.0,110.47619047619048
N. Vlašić,PFC CSKA Moscow,20,LCM,10500000.0,1000.0,25200000.0,140.0
C. Musonda,Vitesse,21,RW,11000000.0,64000.0,21200000.0,92.72727272727272
Jovane Cabral,Sporting CP,20,LM,12000000.0,9000.0,26400000.0,120.0
A. Danjuma Groeneveld,Club Brugge KV,21,LM,10500000.0,16000.0,17900000.0,70.47619047619048
