Name,Club,Age,Position,Overall,Potential,Wage,Contract_Years_Remaining,Financial_Burden,Action
A. Hamdallah,Al Nassr,27,ST,74,74,35000.0,2.0,3640000.0,🟡 SELL NOW (Peak Age)
Duirval Diniz,Atlético Paranaense,34,RCB,74,74,13000.0,2.0,1352000.0,🔴 TERMINATE (No Resale Value)
Arribas,U.N.A.M.,29,RCB,74,74,18000.0,3.0,2808000.0,🟡 SELL NOW (Peak Age)
B. Dabo,Fiorentina,26,CM,74,77,43000.0,2.0,4472000.0,🟡 SELL NOW (Peak Age)
L. Sobiech,1. FC Köln,27,CB,74,74,17000.0,3.0,2652000.0,🟡 SELL NOW (Peak Age)
Da Costa,Bologna,34,GK,74,74,20000.0,2.0,2080000.0,🔴 TERMINATE (No Resale Value)
S. Ghoddos,Amiens SC,24,LM,74,79,16000.0,4.0,3328000.0,🟡 SELL NOW (Peak Age)
L. Cooper,Leeds United,26,LCB,74,75,34000.0,2.0,3536000.0,🟡 SELL NOW (Peak Age)
Edercinho Sepa,Grêmio,30,RCM,74,74,22000.0,2.0,2288000.0,🔴 TERMINATE (No Resale Value)
K. Laifis,Standard de Liège,25,LCB,74,78,13000.0,2.0,1352000.0,🟡 SELL NOW (Peak Age)
J. Hoilett,Cardiff City,28,LM,74,74,44000.0,2.0,4576000.0,🟡 SELL NOW (Peak Age)
Pascoal Muscato,Santos,26,RDM,74,74,15000.0,2.0,1560000.0,🟡 SELL NOW (Peak Age)
Fransérgio,SC Braga,27,LCM,74,74,13000.0,3.0,2028000.0,🟡 SELL NOW (Peak Age)
Anselmo,Al Wehda,29,RDM,74,74,21000.0,3.0,3276000.0,🟡 SELL NOW (Peak Age)
R. Khedira,FC Augsburg,24,CB,74,77,17000.0,2.0,1768000.0,🟡 SELL NOW (Peak Age)
Caio Milaçar,Ceará Sporting Club,34,CAM,74,74,19000.0,2.0,1976000.0,🔴 TERMINATE (No Resale Value)
C. Träsch,FC Ingolstadt 04,30,CDM,74,74,21000.0,2.0,2184000.0,🔴 TERMINATE (No Resale Value)
C. Atsu,Newcastle United,26,LM,74,75,39000.0,2.0,4056000.0,🟡 SELL NOW (Peak Age)
Elias Fontoira,Internacional,34,LDM,74,74,21000.0,2.0,2184000.0,🔴 TERMINATE (No Resale Value)
S. Al Faraj,Al Hilal,28,CM,74,74,33000.0,2.0,3432000.0,🟡 SELL NOW (Peak Age)
A. Pritchard,Huddersfield Town,25,LS,74,78,37000.0,2.0,3848000.0,🟡 SELL NOW (Peak Age)
Enaldo Praz,Grêmio,30,LB,74,74,22000.0,2.0,2288000.0,🔴 TERMINATE (No Resale Value)
L. Griffiths,Celtic,27,ST,74,74,46000.0,3.0,7176000.0,🟡 SELL NOW (Peak Age)
G. Cunningham,Cardiff City,27,LB,74,75,35000.0,2.0,3640000.0,🟡 SELL NOW (Peak Age)
D. Falcinelli,Bologna,27,LS,74,75,29000.0,3.0,4524000.0,🟡 SELL NOW (Peak Age)
L. Moore,Reading,25,LCB,74,78,26000.0,4.0,5408000.0,🟡 SELL NOW (Peak Age)
Alberto,Rayo Vallecano,33,GK,74,74,13000.0,2.0,1352000.0,🔴 TERMINATE (No Resale Value)
J. Obi,Chievo Verona,27,LCM,74,75,15000.0,2.0,1560000.0,🟡 SELL NOW (Peak Age)
Kel Perinho,Chapecoense,34,RCB,74,74,14000.0,2.0,1456000.0,🔴 TERMINATE (No Resale Value)
C. Coady,Wolverhampton Wanderers,25,CB,74,77,46000.0,2.0,4784000.0,🟡 SELL NOW (Peak Age)
M. Estigarribia,Club Atlético Colón,30,LCM,74,74,13000.0,2.0,1352000.0,🔴 TERMINATE (No Resale Value)
E. Sviatchenko,FC Midtjylland,26,LCB,74,77,19000.0,3.0,2964000.0,🟡 SELL NOW (Peak Age)
Hugo Goiteira,Ceará Sporting Club,26,RCB,74,74,18000.0,2.0,1872000.0,🟡 SELL NOW (Peak Age)
Fábio Melitinho,Fluminense,34,CAM,74,74,25000.0,2.0,2600000.0,🔴 TERMINATE (No Resale Value)
R. Quaison,1. FSV Mainz 05,24,CF,74,78,22000.0,2.0,2288000.0,🟡 SELL NOW (Peak Age)
B. Nuytinck,Udinese,28,LCB,74,76,22000.0,2.0,2288000.0,🟡 SELL NOW (Peak Age)
J. Buffarini,Boca Juniors,29,RB,74,74,19000.0,2.0,1976000.0,🟡 SELL NOW (Peak Age)
Osvaldo Lodeiro,América FC (Minas Gerais),30,LCB,74,74,14000.0,2.0,1456000.0,🔴 TERMINATE (No Resale Value)
J. Rodríguez,Santos Laguna,24,LS,74,79,18000.0,4.0,3744000.0,🟡 SELL NOW (Peak Age)
Suk Hyun Jun,Stade de Reims,27,ST,74,75,19000.0,3.0,2964000.0,🟡 SELL NOW (Peak Age)
Fabiano Sonta,Fluminense,26,LCB,74,74,22000.0,2.0,2288000.0,🟡 SELL NOW (Peak Age)
A. Ioniţă,Cagliari,27,CAM,74,74,27000.0,2.0,2808000.0,🟡 SELL NOW (Peak Age)
Marlon Nideiro,Grêmio,34,CAM,74,74,25000.0,2.0,2600000.0,🔴 TERMINATE (No Resale Value)
B. Bereszyński,Sampdoria,25,LB,74,77,25000.0,4.0,5200000.0,🟡 SELL NOW (Peak Age)
Jacson Zonta,Vitória,34,RAM,74,74,13000.0,2.0,1352000.0,🔴 TERMINATE (No Resale Value)
S. Prcić,Levante UD,24,CDM,74,78,16000.0,2.0,1664000.0,🟡 SELL NOW (Peak Age)
Leo Caldeirinha,Vitória,34,LAM,74,74,13000.0,2.0,1352000.0,🔴 TERMINATE (No Resale Value)
T. Sainsbury,PSV,26,RCB,74,77,13000.0,2.0,1352000.0,🟡 SELL NOW (Peak Age)
Alvildo Sousa,Sport Club do Recife,34,CAM,74,74,15000.0,2.0,1560000.0,🔴 TERMINATE (No Resale Value)
F. Đuričić,Sassuolo,26,CAM,74,76,40000.0,3.0,6240000.0,🟡 SELL NOW (Peak Age)
J. Boëtius,1. FSV Mainz 05,24,CAM,74,78,22000.0,3.0,3432000.0,🟡 SELL NOW (Peak Age)
F. Mubele,Toulouse Football Club,24,ST,74,78,23000.0,3.0,3588000.0,🟡 SELL NOW (Peak Age)
A. Chávez,Club Atlético Huracán,27,LS,74,75,17000.0,2.0,1768000.0,🟡 SELL NOW (Peak Age)
Robson Denho,Sport Club do Recife,26,RDM,74,74,14000.0,2.0,1456000.0,🟡 SELL NOW (Peak Age)
J. Toljan,Borussia Dortmund,23,RB,74,78,30000.0,3.0,4680000.0,🔵 LOAN OUT (Young)
Hélton Celanova,Internacional,26,ST,74,74,25000.0,2.0,2600000.0,🟡 SELL NOW (Peak Age)
Erick Gameira,Atlético Paranaense,26,ST,74,74,15000.0,2.0,1560000.0,🟡 SELL NOW (Peak Age)
William,VfL Wolfsburg,23,RB,74,79,28000.0,3.0,4368000.0,🔵 LOAN OUT (Young)
Jadson Vidigal,Grêmio,26,ST,74,74,27000.0,2.0,2808000.0,🟡 SELL NOW (Peak Age)
O. Vranješ,RSC Anderlecht,28,RCB,74,75,17000.0,3.0,2652000.0,🟡 SELL NOW (Peak Age)
M. Bauer,Stoke City,26,RB,74,77,34000.0,4.0,7072000.0,🟡 SELL NOW (Peak Age)
J. Córdoba,1. FC Köln,25,RS,74,78,20000.0,2.0,2080000.0,🟡 SELL NOW (Peak Age)
Edvaldisco,Botafogo,26,RDM,74,74,18000.0,2.0,1872000.0,🟡 SELL NOW (Peak Age)
J. Dueñas,Tigres U.A.N.L.,29,LB,74,74,44000.0,2.0,4576000.0,🟡 SELL NOW (Peak Age)
N. De Préville,FC Girondins de Bordeaux,27,LW,74,74,36000.0,2.0,3744000.0,🟡 SELL NOW (Peak Age)
Diogo Figueiras,SC Braga,27,RB,74,75,12000.0,3.0,1872000.0,🟡 SELL NOW (Peak Age)
K. Dolly,Montpellier HSC,25,CAM,74,77,21000.0,2.0,2184000.0,🟡 SELL NOW (Peak Age)
P. Barrientos,Deportivo Toluca,33,LS,74,74,21000.0,4.0,4368000.0,🔴 TERMINATE (No Resale Value)
Maurício,Urawa Red Diamonds,26,CB,74,76,11000.0,2.0,1144000.0,🟡 SELL NOW (Peak Age)
F. Santander,Bologna,27,ST,74,75,29000.0,3.0,4524000.0,🟡 SELL NOW (Peak Age)
N. Rigoni,Chievo Verona,27,RCM,74,74,15000.0,2.0,1560000.0,🟡 SELL NOW (Peak Age)
I. Kahveci,Medipol Başakşehir FK,22,CAM,74,78,19000.0,2.0,1976000.0,🔵 LOAN OUT (Young)
Sebas Couteira,Atlético Paranaense,30,RAM,74,74,14000.0,2.0,1456000.0,🔴 TERMINATE (No Resale Value)
R. Shawcross,Stoke City,30,RCB,74,74,34000.0,2.0,3536000.0,🔴 TERMINATE (No Resale Value)
B. Martins Indi,Stoke City,26,CB,74,77,34000.0,3.0,5304000.0,🟡 SELL NOW (Peak Age)
Álvaro García,Rayo Vallecano,25,LM,74,75,17000.0,4.0,3536000.0,🟡 SELL NOW (Peak Age)
Kauã Abranches,Paraná,34,RAM,74,74,19000.0,2.0,1976000.0,🔴 TERMINATE (No Resale Value)
H. Seferović,SL Benfica,26,ST,74,76,12000.0,3.0,1872000.0,🟡 SELL NOW (Peak Age)
R. Sobhi,Huddersfield Town,21,LM,74,79,29000.0,2.0,3016000.0,🔵 LOAN OUT (Young)
P. Gazzaniga,Tottenham Hotspur,26,GK,74,78,46000.0,3.0,7176000.0,🟡 SELL NOW (Peak Age)
A. Masina,Watford,24,LB,74,79,33000.0,4.0,6864000.0,🟡 SELL NOW (Peak Age)
J. Livermore,West Bromwich Albion,28,RCM,74,74,31000.0,3.0,4836000.0,🟡 SELL NOW (Peak Age)
Nicolás Formido,Internacional,30,LAM,74,74,23000.0,2.0,2392000.0,🔴 TERMINATE (No Resale Value)
Luisinho,SD Huesca,33,LB,74,74,19000.0,2.0,1976000.0,🔴 TERMINATE (No Resale Value)
M. Rits,Club Brugge KV,24,LM,74,78,17000.0,3.0,2652000.0,🟡 SELL NOW (Peak Age)
H. Traoré,Stade Rennais FC,26,RB,74,76,24000.0,2.0,2496000.0,🟡 SELL NOW (Peak Age)
Rafael,Sampdoria,28,GK,74,77,23000.0,3.0,3588000.0,🟡 SELL NOW (Peak Age)
M. Jojić,Medipol Başakşehir FK,26,CM,74,76,22000.0,2.0,2288000.0,🟡 SELL NOW (Peak Age)
J. Tavernier,Rangers FC,26,RB,74,75,39000.0,3.0,6084000.0,🟡 SELL NOW (Peak Age)
S. Morrison,Cardiff City,27,RCB,74,76,35000.0,3.0,5460000.0,🟡 SELL NOW (Peak Age)
J. Brenet,TSG 1899 Hoffenheim,24,LWB,74,77,22000.0,3.0,3432000.0,🟡 SELL NOW (Peak Age)
B. Dack,Blackburn Rovers,24,CAM,74,78,32000.0,2.0,3328000.0,🟡 SELL NOW (Peak Age)
T. Pukki,Norwich City,28,ST,74,74,29000.0,2.0,3016000.0,🟡 SELL NOW (Peak Age)
F. Đorđević,Chievo Verona,30,RS,74,74,17000.0,2.0,1768000.0,🔴 TERMINATE (No Resale Value)
Tana,UD Las Palmas,27,CAM,74,74,11000.0,4.0,2288000.0,🟡 SELL NOW (Peak Age)
L. Grabban,Nottingham Forest,30,ST,74,74,45000.0,3.0,7020000.0,🔴 TERMINATE (No Resale Value)
A. Soumaoro,LOSC Lille,26,LCB,74,79,24000.0,2.0,2496000.0,🟡 SELL NOW (Peak Age)
A. Pulido,Guadalajara,27,ST,74,75,35000.0,2.0,3640000.0,🟡 SELL NOW (Peak Age)
S. Floccari,SPAL,36,ST,74,74,11000.0,4.0,2288000.0,🔴 TERMINATE (No Resale Value)
S. Prödl,Watford,31,RCB,74,74,39000.0,2.0,4056000.0,🔴 TERMINATE (No Resale Value)
S. Okaka,Watford,28,ST,74,74,48000.0,2.0,4992000.0,🟡 SELL NOW (Peak Age)
A. Oyongo,Montpellier HSC,27,LWB,74,75,20000.0,3.0,3120000.0,🟡 SELL NOW (Peak Age)
A. Behich,PSV,27,LB,74,75,13000.0,3.0,2028000.0,🟡 SELL NOW (Peak Age)
D. Gosling,Bournemouth,28,CM,74,74,51000.0,2.0,5304000.0,🟡 SELL NOW (Peak Age)
J. Ralls,Cardiff City,24,RCM,74,79,34000.0,3.0,5304000.0,🟡 SELL NOW (Peak Age)
Dória,Santos Laguna,23,LCB,74,78,15000.0,3.0,2340000.0,🔵 LOAN OUT (Young)
I. Strinić,Milan,30,LB,74,74,56000.0,2.0,5824000.0,🔴 TERMINATE (No Resale Value)
Adrianiscito,Grêmio,26,GK,74,74,18000.0,2.0,1872000.0,🟡 SELL NOW (Peak Age)
A. Lozano,Girona FC,25,ST,74,79,26000.0,3.0,4056000.0,🟡 SELL NOW (Peak Age)
M. Tisserand,VfL Wolfsburg,25,CB,74,79,31000.0,3.0,4836000.0,🟡 SELL NOW (Peak Age)
Bebé,Rayo Vallecano,27,LM,74,74,18000.0,2.0,1872000.0,🟡 SELL NOW (Peak Age)
M. Vydra,Burnley,26,CAM,74,76,43000.0,2.0,4472000.0,🟡 SELL NOW (Peak Age)
C. Benavente,Sporting de Charleroi,24,CAM,74,78,12000.0,3.0,1872000.0,🟡 SELL NOW (Peak Age)
Padilhisco,Bahia,26,LB,74,74,12000.0,2.0,1248000.0,🟡 SELL NOW (Peak Age)
F. Forestieri,Sheffield Wednesday,28,ST,74,74,29000.0,2.0,3016000.0,🟡 SELL NOW (Peak Age)
A. Hack,1. FSV Mainz 05,24,CB,74,78,18000.0,3.0,2808000.0,🟡 SELL NOW (Peak Age)
Sequeira,SC Braga,27,LB,74,74,12000.0,2.0,1248000.0,🟡 SELL NOW (Peak Age)
M. Gulde,SC Freiburg,27,RCB,74,75,19000.0,3.0,2964000.0,🟡 SELL NOW (Peak Age)
F. Jara,Pachuca,29,ST,74,74,29000.0,3.0,4524000.0,🟡 SELL NOW (Peak Age)
Álex Moreno,Rayo Vallecano,25,LB,74,79,15000.0,2.0,1560000.0,🟡 SELL NOW (Peak Age)
G. Burdisso,Independiente,29,CB,74,74,18000.0,3.0,2808000.0,🟡 SELL NOW (Peak Age)
V. Misidjan,1. FC Nürnberg,24,RM,74,77,20000.0,2.0,2080000.0,🟡 SELL NOW (Peak Age)
R. Haps,Feyenoord,25,LB,74,77,11000.0,3.0,1716000.0,🟡 SELL NOW (Peak Age)
Jesus Andradaldo,Internacional,26,RB,74,74,21000.0,2.0,2184000.0,🟡 SELL NOW (Peak Age)
P. Mpoku,Standard de Liège,26,LM,74,74,15000.0,2.0,1560000.0,🟡 SELL NOW (Peak Age)
M. Le Marchand,Fulham,28,LB,74,74,43000.0,3.0,6708000.0,🟡 SELL NOW (Peak Age)
Nacho,Real Valladolid CF,29,LB,74,74,17000.0,3.0,2652000.0,🟡 SELL NOW (Peak Age)
C. Taylor,Burnley,24,LB,74,78,33000.0,2.0,3432000.0,🟡 SELL NOW (Peak Age)
R. Saravia,Racing Club,25,RB,74,77,16000.0,3.0,2496000.0,🟡 SELL NOW (Peak Age)
D. Drexler,1. FC Köln,28,LCM,74,74,20000.0,3.0,3120000.0,🟡 SELL NOW (Peak Age)
S. Falette,Eintracht Frankfurt,26,CB,74,77,26000.0,2.0,2704000.0,🟡 SELL NOW (Peak Age)
D. Viera,Godoy Cruz,27,RCB,74,74,13000.0,4.0,2704000.0,🟡 SELL NOW (Peak Age)
F. Zampedri,Rosario Central,30,LS,74,74,17000.0,2.0,1768000.0,🔴 TERMINATE (No Resale Value)
M. Diagne,Kasimpaşa SK,26,ST,74,75,15000.0,3.0,2340000.0,🟡 SELL NOW (Peak Age)
A. Bjelland,FC København,29,CB,74,74,18000.0,3.0,2808000.0,🟡 SELL NOW (Peak Age)
S. Kittel,FC Ingolstadt 04,25,CAM,74,76,24000.0,3.0,3744000.0,🟡 SELL NOW (Peak Age)
S. Lainer,FC Red Bull Salzburg,25,RB,74,77,26000.0,3.0,4056000.0,🟡 SELL NOW (Peak Age)
Óscar Plano,Real Valladolid CF,27,LM,74,74,18000.0,2.0,1872000.0,🟡 SELL NOW (Peak Age)
J. Bryan,Fulham,24,LB,74,78,35000.0,3.0,5460000.0,🟡 SELL NOW (Peak Age)
G. Margreitter,1. FC Nürnberg,29,RCB,74,74,20000.0,2.0,2080000.0,🟡 SELL NOW (Peak Age)
Luna,Levante UD,27,LB,74,75,19000.0,2.0,1976000.0,🟡 SELL NOW (Peak Age)
Tiago Silva,CD Feirense,25,CAM,74,77,11000.0,2.0,1144000.0,🟡 SELL NOW (Peak Age)
F. Bardi,Frosinone,26,GK,74,75,11000.0,3.0,1716000.0,🟡 SELL NOW (Peak Age)
Enaldo Toxeto,Grêmio,30,LCB,74,74,22000.0,2.0,2288000.0,🔴 TERMINATE (No Resale Value)
Camilo,Querétaro,29,ST,74,74,12000.0,3.0,1872000.0,🟡 SELL NOW (Peak Age)
Welthon,Vitória Guimarães,26,ST,74,76,11000.0,3.0,1716000.0,🟡 SELL NOW (Peak Age)
Marc Muniesa,Girona FC,26,CB,74,78,23000.0,2.0,2392000.0,🟡 SELL NOW (Peak Age)
Samu Saiz,Leeds United,27,CAM,74,75,37000.0,2.0,3848000.0,🟡 SELL NOW (Peak Age)
S. Araujo,UD Las Palmas,26,LF,73,76,11000.0,4.0,2288000.0,🟡 SELL NOW (Peak Age)
S. March,Brighton & Hove Albion,23,CAM,73,77,31000.0,3.0,4836000.0,🔵 LOAN OUT (Young)
R. Assalé,BSC Young Boys,24,RS,73,78,18000.0,2.0,1872000.0,🟡 SELL NOW (Peak Age)
Léo Bonatini,Wolverhampton Wanderers,24,ST,73,78,46000.0,3.0,7176000.0,🟡 SELL NOW (Peak Age)
S. Rybalka,Sivasspor,28,LDM,73,74,12000.0,2.0,1248000.0,🟡 SELL NOW (Peak Age)
N. Acevedo,Unión de Santa Fe,29,RCM,73,73,14000.0,4.0,2912000.0,🟡 SELL NOW (Peak Age)
T. Leibold,1. FC Nürnberg,24,LB,73,76,15000.0,2.0,1560000.0,🟡 SELL NOW (Peak Age)
A. Clayton,Middlesbrough,29,CDM,73,73,40000.0,2.0,4160000.0,🟡 SELL NOW (Peak Age)
M. Vejinović,AZ Alkmaar,28,CM,73,73,14000.0,3.0,2184000.0,🟡 SELL NOW (Peak Age)
Pietrson Mendes,Bahia,34,CAM,73,73,12000.0,2.0,1248000.0,🔴 TERMINATE (No Resale Value)
J. Ward,Crystal Palace,28,RB,73,73,37000.0,2.0,3848000.0,🟡 SELL NOW (Peak Age)
S. Skrzybski,FC Schalke 04,25,LS,73,74,25000.0,2.0,2600000.0,🟡 SELL NOW (Peak Age)
A. Ba,Rayo Vallecano,27,CB,73,75,15000.0,2.0,1560000.0,🟡 SELL NOW (Peak Age)
S. von Bergen,BSC Young Boys,35,LCB,73,73,12000.0,3.0,1872000.0,🔴 TERMINATE (No Resale Value)
G. Silva,Independiente,24,CB,73,78,13000.0,2.0,1352000.0,🟡 SELL NOW (Peak Age)
Freder Cabral,Atlético Mineiro,26,GK,73,73,20000.0,2.0,2080000.0,🟡 SELL NOW (Peak Age)
J. Gómez,Al Fayha,28,CAM,73,73,18000.0,3.0,2808000.0,🟡 SELL NOW (Peak Age)
R. Fredericks,West Ham United,25,RB,73,75,46000.0,3.0,7176000.0,🟡 SELL NOW (Peak Age)
Luis Couprins,Atlético Paranaense,30,RDM,73,73,12000.0,2.0,1248000.0,🔴 TERMINATE (No Resale Value)
M. Hawsawi,Al Ahli,26,CB,73,76,27000.0,3.0,4212000.0,🟡 SELL NOW (Peak Age)
B. Assombalonga,Middlesbrough,25,ST,73,76,43000.0,2.0,4472000.0,🟡 SELL NOW (Peak Age)
L. Ayling,Leeds United,26,RB,73,74,31000.0,2.0,3224000.0,🟡 SELL NOW (Peak Age)
K. Saief,RSC Anderlecht,24,LM,73,76,14000.0,3.0,2184000.0,🟡 SELL NOW (Peak Age)
S. Thioub,Nîmes Olympique,23,RM,73,78,14000.0,2.0,1456000.0,🔵 LOAN OUT (Young)
J. Basanta,Monterrey,34,CB,73,73,31000.0,4.0,6448000.0,🔴 TERMINATE (No Resale Value)
Diego Farías,Cagliari,28,CF,73,73,28000.0,2.0,2912000.0,🟡 SELL NOW (Peak Age)
Marcos Paneira,Bahia,30,LDM,73,73,11000.0,2.0,1144000.0,🔴 TERMINATE (No Resale Value)
K. Bartley,West Bromwich Albion,27,CB,73,75,25000.0,2.0,2600000.0,🟡 SELL NOW (Peak Age)
K. Monnet-Paquet,AS Saint-Étienne,29,LM,73,73,26000.0,2.0,2704000.0,🟡 SELL NOW (Peak Age)
B. Ramselaar,PSV,22,CAM,73,79,11000.0,2.0,1144000.0,🔵 LOAN OUT (Young)
F. Diedhiou,Bristol City,25,LS,73,77,35000.0,2.0,3640000.0,🟡 SELL NOW (Peak Age)
N. Al Abed,Al Hilal,28,LM,73,73,31000.0,2.0,3224000.0,🟡 SELL NOW (Peak Age)
Juli Piresinho,Bahia,30,RB,73,73,11000.0,2.0,1144000.0,🔴 TERMINATE (No Resale Value)
J. Schlupp,Crystal Palace,25,LB,73,76,34000.0,2.0,3536000.0,🟡 SELL NOW (Peak Age)
Vinicius Cardenha,Fluminense,26,RB,73,73,21000.0,2.0,2184000.0,🟡 SELL NOW (Peak Age)
B. Lozano,Santos Laguna,24,LM,73,78,15000.0,2.0,1560000.0,🟡 SELL NOW (Peak Age)
B. Johnsen,AZ Alkmaar,26,LS,73,74,14000.0,3.0,2184000.0,🟡 SELL NOW (Peak Age)
C. Buchtmann,FC St. Pauli,26,CM,73,76,16000.0,3.0,2496000.0,🟡 SELL NOW (Peak Age)
E. Álvarez,Club América,20,CB,73,79,29000.0,2.0,3016000.0,🔵 LOAN OUT (Young)
Ignasi Miquel,Getafe CF,25,CB,73,77,16000.0,3.0,2496000.0,🟡 SELL NOW (Peak Age)
Orlando Sá,Standard de Liège,30,ST,73,73,15000.0,2.0,1560000.0,🔴 TERMINATE (No Resale Value)
T. Ince,Stoke City,26,RW,73,74,37000.0,3.0,5772000.0,🟡 SELL NOW (Peak Age)
C. Clemens,1. FC Köln,26,RM,73,73,17000.0,2.0,1768000.0,🟡 SELL NOW (Peak Age)
F. Dionisi,Frosinone,31,ST,73,73,15000.0,2.0,1560000.0,🔴 TERMINATE (No Resale Value)
H. Harbaoui,SV Zulte-Waregem,33,ST,73,73,15000.0,2.0,1560000.0,🔴 TERMINATE (No Resale Value)
Ailton Valpaços,Atlético Mineiro,26,LCB,73,73,24000.0,2.0,2496000.0,🟡 SELL NOW (Peak Age)
T. Xhaka,FC Basel 1893,27,LDM,73,75,19000.0,2.0,1976000.0,🟡 SELL NOW (Peak Age)
E. Mena,Racing Club,29,LB,73,73,16000.0,3.0,2496000.0,🟡 SELL NOW (Peak Age)
Douglas Armeira,América FC (Minas Gerais),26,RB,73,73,13000.0,2.0,1352000.0,🟡 SELL NOW (Peak Age)
K. Phillips,Leeds United,22,CDM,73,79,26000.0,2.0,2704000.0,🔵 LOAN OUT (Young)
Y. Mokhtar,MKE Ankaragücü,26,LM,73,73,18000.0,2.0,1872000.0,🟡 SELL NOW (Peak Age)
B. Dejaegere,KAA Gent,27,CAM,73,74,17000.0,3.0,2652000.0,🟡 SELL NOW (Peak Age)
Miguel Veloso,Genoa,32,CDM,73,73,13000.0,2.0,1352000.0,🔴 TERMINATE (No Resale Value)
B. Zuculini,River Plate,25,CDM,73,76,16000.0,3.0,2496000.0,🟡 SELL NOW (Peak Age)
G. Toledo,Club Atlético Colón,28,RB,73,73,11000.0,2.0,1144000.0,🟡 SELL NOW (Peak Age)
A. Grünwald,FK Austria Wien,29,CAM,73,73,15000.0,2.0,1560000.0,🟡 SELL NOW (Peak Age)
S. Clucas,Stoke City,27,LM,73,73,34000.0,3.0,5304000.0,🟡 SELL NOW (Peak Age)
Xeka,LOSC Lille,23,LDM,73,79,19000.0,2.0,1976000.0,🔵 LOAN OUT (Young)
G. Caprari,Sampdoria,24,CF,73,78,25000.0,3.0,3900000.0,🟡 SELL NOW (Peak Age)
K. Long,Burnley,27,LCB,73,73,36000.0,2.0,3744000.0,🟡 SELL NOW (Peak Age)
Samir,Udinese,23,LB,73,77,17000.0,2.0,1768000.0,🔵 LOAN OUT (Young)
F. Barba,Chievo Verona,24,LB,73,79,11000.0,3.0,1716000.0,🟡 SELL NOW (Peak Age)
R. Morioka,RSC Anderlecht,27,CAM,73,74,16000.0,2.0,1664000.0,🟡 SELL NOW (Peak Age)
Cristiano,Kashiwa Reysol,31,LS,73,73,11000.0,3.0,1716000.0,🔴 TERMINATE (No Resale Value)
K. Möhwald,SV Werder Bremen,24,CM,73,77,19000.0,2.0,1976000.0,🟡 SELL NOW (Peak Age)
D. Ndongala,KRC Genk,27,RM,73,73,14000.0,2.0,1456000.0,🟡 SELL NOW (Peak Age)
J. Stryger Larsen,Udinese,27,LB,73,75,19000.0,3.0,2964000.0,🟡 SELL NOW (Peak Age)
S. Arfield,Rangers FC,29,LCM,73,73,41000.0,2.0,4264000.0,🟡 SELL NOW (Peak Age)
S. Ribas,Club Atlético Lanús,30,LS,73,73,17000.0,2.0,1768000.0,🔴 TERMINATE (No Resale Value)
Gus Outomouro,Internacional,34,ST,73,73,23000.0,2.0,2392000.0,🔴 TERMINATE (No Resale Value)
R. Czichos,1. FC Köln,28,LCB,73,73,17000.0,3.0,2652000.0,🟡 SELL NOW (Peak Age)
C. Doukouré,Levante UD,25,RDM,73,78,16000.0,2.0,1664000.0,🟡 SELL NOW (Peak Age)
Juliano Mascarinhas,Grêmio,34,LCM,73,73,21000.0,2.0,2184000.0,🔴 TERMINATE (No Resale Value)
S. Schrijvers,Club Brugge KV,21,RS,73,79,15000.0,3.0,2340000.0,🔵 LOAN OUT (Young)
A. Smithies,Cardiff City,28,GK,73,75,28000.0,3.0,4368000.0,🟡 SELL NOW (Peak Age)
A. Maxim,1. FSV Mainz 05,27,LM,73,73,22000.0,2.0,2288000.0,🟡 SELL NOW (Peak Age)
N. Navarro,San Lorenzo de Almagro,33,GK,73,73,12000.0,2.0,1248000.0,🔴 TERMINATE (No Resale Value)
S. Dewaest,KRC Genk,27,RCB,73,74,12000.0,3.0,1872000.0,🟡 SELL NOW (Peak Age)
C. Mathenia,1. FC Nürnberg,26,GK,73,76,15000.0,2.0,1560000.0,🟡 SELL NOW (Peak Age)
M. Knoll,FC St. Pauli,27,LDM,73,73,14000.0,3.0,2184000.0,🟡 SELL NOW (Peak Age)
R. Christie,Celtic,23,LCM,73,78,34000.0,3.0,5304000.0,🔵 LOAN OUT (Young)
T. Foket,Stade de Reims,23,RB,73,78,12000.0,4.0,2496000.0,🔵 LOAN OUT (Young)
F. Sørensen,1. FC Köln,26,CB,73,76,16000.0,2.0,1664000.0,🟡 SELL NOW (Peak Age)
D. Ward,Leicester City,25,GK,73,76,32000.0,3.0,4992000.0,🟡 SELL NOW (Peak Age)
L. Diony,AS Saint-Étienne,25,LM,73,76,26000.0,2.0,2704000.0,🟡 SELL NOW (Peak Age)
R. Krunić,Empoli,24,RCM,73,78,11000.0,4.0,2288000.0,🟡 SELL NOW (Peak Age)
B. Dibassy,Amiens SC,28,LB,73,73,15000.0,2.0,1560000.0,🟡 SELL NOW (Peak Age)
Benjamin Meseira,Chapecoense,34,RB,73,73,13000.0,2.0,1352000.0,🔴 TERMINATE (No Resale Value)
C. Ninga,Stade Malherbe Caen,25,LW,73,78,20000.0,3.0,3120000.0,🟡 SELL NOW (Peak Age)
W. Saïd,Dijon FCO,23,LM,73,79,12000.0,2.0,1248000.0,🔵 LOAN OUT (Young)
T. Murg,SK Rapid Wien,23,RM,73,77,14000.0,3.0,2184000.0,🔵 LOAN OUT (Young)
Evandro Rochedo,Atlético Mineiro,34,ST,73,73,29000.0,2.0,3016000.0,🔴 TERMINATE (No Resale Value)
M. Sperduti,Patronato,32,RM,73,73,13000.0,4.0,2704000.0,🔴 TERMINATE (No Resale Value)
Y. Gómez Andrade,Unión de Santa Fe,26,CB,73,75,12000.0,2.0,1248000.0,🟡 SELL NOW (Peak Age)
B. Sanneh,RSC Anderlecht,23,CB,73,79,13000.0,4.0,2704000.0,🔵 LOAN OUT (Young)
Michel Cruceiro,Atlético Mineiro,26,LDM,73,73,24000.0,2.0,2496000.0,🟡 SELL NOW (Peak Age)
M. Tekdemir,Medipol Başakşehir FK,30,CDM,73,73,18000.0,2.0,1872000.0,🔴 TERMINATE (No Resale Value)
A. Browne,Preston North End,23,CAM,73,78,11000.0,2.0,1144000.0,🔵 LOAN OUT (Young)
Eduardo,SC Braga,25,CM,73,76,11000.0,4.0,2288000.0,🟡 SELL NOW (Peak Age)
J. Lolley,Nottingham Forest,25,RM,73,74,36000.0,3.0,5616000.0,🟡 SELL NOW (Peak Age)
V. Stocker,FC Basel 1893,29,LM,73,73,22000.0,2.0,2288000.0,🟡 SELL NOW (Peak Age)
D. Alar,SK Rapid Wien,28,ST,73,73,18000.0,3.0,2808000.0,🟡 SELL NOW (Peak Age)
M. Poundjé,FC Girondins de Bordeaux,25,LB,73,76,27000.0,2.0,2808000.0,🟡 SELL NOW (Peak Age)
A. Hahn,FC Augsburg,27,RM,73,73,20000.0,3.0,3120000.0,🟡 SELL NOW (Peak Age)
M. Leitner,Norwich City,25,LDM,73,75,22000.0,3.0,3432000.0,🟡 SELL NOW (Peak Age)
M. Mitrović,Club Brugge KV,24,CB,73,78,14000.0,3.0,2184000.0,🟡 SELL NOW (Peak Age)
N. Uysal,Beşiktaş JK,27,RCB,73,75,32000.0,2.0,3328000.0,🟡 SELL NOW (Peak Age)
A. Ujah,1. FSV Mainz 05,27,ST,73,73,23000.0,2.0,2392000.0,🟡 SELL NOW (Peak Age)
A. Kravets,Kayserispor,29,ST,73,73,14000.0,2.0,1456000.0,🟡 SELL NOW (Peak Age)
Rubén Alcaraz,Real Valladolid CF,27,LCM,73,74,16000.0,3.0,2496000.0,🟡 SELL NOW (Peak Age)
S. Amrabat,Club Brugge KV,21,CM,73,79,13000.0,3.0,2028000.0,🔵 LOAN OUT (Young)
B. Bolingoli,SK Rapid Wien,23,LB,73,78,12000.0,2.0,1248000.0,🔵 LOAN OUT (Young)
N. Etheridge,Cardiff City,28,GK,73,75,28000.0,2.0,2912000.0,🟡 SELL NOW (Peak Age)
H. Manzala,Angers SCO,24,LM,73,79,16000.0,3.0,2496000.0,🟡 SELL NOW (Peak Age)
W. Troost-Ekong,Udinese,24,RCB,73,77,17000.0,3.0,2652000.0,🟡 SELL NOW (Peak Age)
A. Diakhaby,Huddersfield Town,21,RM,73,78,26000.0,2.0,2704000.0,🔵 LOAN OUT (Young)
A. Ríos,Deportivo Toluca,29,RCM,73,73,19000.0,2.0,1976000.0,🟡 SELL NOW (Peak Age)
V. Pajot,Angers SCO,27,CM,73,73,19000.0,2.0,1976000.0,🟡 SELL NOW (Peak Age)
L. Waldschmidt,SC Freiburg,22,LS,73,79,19000.0,3.0,2964000.0,🔵 LOAN OUT (Young)
Y. Makarenko,RSC Anderlecht,27,CM,73,75,15000.0,3.0,2340000.0,🟡 SELL NOW (Peak Age)
A. Reach,Sheffield Wednesday,25,CAM,73,77,22000.0,2.0,2288000.0,🟡 SELL NOW (Peak Age)
Pierrino Faria,Santos,30,GK,73,73,11000.0,2.0,1144000.0,🔴 TERMINATE (No Resale Value)
J. McGinn,Aston Villa,23,RCM,73,78,15000.0,3.0,2340000.0,🔵 LOAN OUT (Young)
G. Cimirot,Standard de Liège,25,LCM,73,76,13000.0,3.0,2028000.0,🟡 SELL NOW (Peak Age)
S. Tibbling,Brøndby IF,23,LCM,73,79,19000.0,3.0,2964000.0,🔵 LOAN OUT (Young)
J. Schieber,FC Augsburg,29,ST,73,73,22000.0,2.0,2288000.0,🟡 SELL NOW (Peak Age)
V. Lazaro,Hertha BSC,22,RM,73,78,17000.0,2.0,1768000.0,🔵 LOAN OUT (Young)
L. Gamba,Club Atlético Huracán,31,RS,73,73,15000.0,4.0,3120000.0,🔴 TERMINATE (No Resale Value)
Oswaldito Cuba,Chapecoense,34,LB,73,73,13000.0,2.0,1352000.0,🔴 TERMINATE (No Resale Value)
L. Gil,Rosario Central,27,RDM,73,74,13000.0,2.0,1352000.0,🟡 SELL NOW (Peak Age)
M. Bettinelli,Fulham,26,GK,73,77,30000.0,2.0,3120000.0,🟡 SELL NOW (Peak Age)
K. Frei,Medipol Başakşehir FK,24,LM,73,76,17000.0,2.0,1768000.0,🟡 SELL NOW (Peak Age)
Mauro Cildinho,Sport Club do Recife,34,RB,73,73,13000.0,2.0,1352000.0,🔴 TERMINATE (No Resale Value)
K. Hansen,FC Midtjylland,29,RCB,73,73,18000.0,3.0,2808000.0,🟡 SELL NOW (Peak Age)
S. Gürler,SD Huesca,26,RM,73,73,19000.0,3.0,2964000.0,🟡 SELL NOW (Peak Age)
D. Randolph,Middlesbrough,31,GK,73,73,31000.0,2.0,3224000.0,🔴 TERMINATE (No Resale Value)
J. Elez,Hannover 96,24,LCB,73,77,20000.0,2.0,2080000.0,🟡 SELL NOW (Peak Age)
J. Gutiérrez,Defensa y Justicia,34,CM,73,73,12000.0,3.0,1872000.0,🔴 TERMINATE (No Resale Value)
K. Rezaei,Club Brugge KV,26,ST,73,75,20000.0,3.0,3120000.0,🟡 SELL NOW (Peak Age)
J. Gómez,Club Atlético Lanús,24,RB,73,78,12000.0,2.0,1248000.0,🟡 SELL NOW (Peak Age)
A. Cohen,FC Ingolstadt 04,29,LDM,73,73,20000.0,2.0,2080000.0,🟡 SELL NOW (Peak Age)
B. Raman,Fortuna Düsseldorf,23,LM,73,79,20000.0,3.0,3120000.0,🔵 LOAN OUT (Young)
B. Reid,Cardiff City,25,ST,73,78,37000.0,3.0,5772000.0,🟡 SELL NOW (Peak Age)
T. Heurtaux,MKE Ankaragücü,29,CB,73,73,17000.0,2.0,1768000.0,🟡 SELL NOW (Peak Age)
Marcos Guilherme,Al Wehda,22,RM,73,79,18000.0,4.0,3744000.0,🔵 LOAN OUT (Young)
B. Bannan,Sheffield Wednesday,28,LDM,73,73,24000.0,2.0,2496000.0,🟡 SELL NOW (Peak Age)
Édundo Oliveira,Cruzeiro,26,LCB,73,73,21000.0,2.0,2184000.0,🟡 SELL NOW (Peak Age)
A. Solari,Racing Club,26,RM,73,74,17000.0,2.0,1768000.0,🟡 SELL NOW (Peak Age)
Paolito Serra,Botafogo,26,LCB,73,73,17000.0,2.0,1768000.0,🟡 SELL NOW (Peak Age)
J. Fleck,Sheffield United,26,LCM,73,74,12000.0,2.0,1248000.0,🟡 SELL NOW (Peak Age)
A. Webster,Bristol City,23,LCB,72,77,23000.0,3.0,3588000.0,🔵 LOAN OUT (Young)
V. Jovanović,FC Girondins de Bordeaux,22,CB,72,78,21000.0,2.0,2184000.0,🔵 LOAN OUT (Young)
Rober Ibáñez,Getafe CF,25,RM,72,75,15000.0,2.0,1560000.0,🟡 SELL NOW (Peak Age)
D. Siovas,CD Leganés,29,CB,72,72,19000.0,2.0,1976000.0,🟡 SELL NOW (Peak Age)
J. Pohjanpalo,Bayer 04 Leverkusen,23,ST,72,77,35000.0,3.0,5460000.0,🔵 LOAN OUT (Young)
J. Kenny,Everton,21,RB,72,79,35000.0,3.0,5460000.0,🔵 LOAN OUT (Young)
C. Nørgaard,Fiorentina,24,CDM,72,79,27000.0,3.0,4212000.0,🟡 SELL NOW (Peak Age)
P. Gerkens,RSC Anderlecht,23,RF,72,77,13000.0,2.0,1352000.0,🔵 LOAN OUT (Young)
Jon Bautista,Real Sociedad,22,ST,72,78,18000.0,4.0,3744000.0,🔵 LOAN OUT (Young)
K. Karaman,Fortuna Düsseldorf,24,LM,72,76,18000.0,2.0,1872000.0,🟡 SELL NOW (Peak Age)
F. Ceccherini,Fiorentina,26,CB,72,77,32000.0,3.0,4992000.0,🟡 SELL NOW (Peak Age)
Otávinho Vila,Cruzeiro,34,LDM,72,72,18000.0,2.0,1872000.0,🔴 TERMINATE (No Resale Value)
A. Mendy,FC Girondins de Bordeaux,24,ST,72,77,26000.0,2.0,2704000.0,🟡 SELL NOW (Peak Age)
Sandelas Júnior,Santos,26,LDM,72,72,12000.0,2.0,1248000.0,🟡 SELL NOW (Peak Age)
J. Schunke,Estudiantes de La Plata,31,RCB,72,72,11000.0,2.0,1144000.0,🔴 TERMINATE (No Resale Value)
M. Flekken,SC Freiburg,25,GK,72,75,12000.0,3.0,1872000.0,🟡 SELL NOW (Peak Age)
M. James,Leicester City,26,CM,72,72,41000.0,2.0,4264000.0,🟡 SELL NOW (Peak Age)
G. Vural,Akhisar Belediyespor,30,LB,72,72,13000.0,2.0,1352000.0,🔴 TERMINATE (No Resale Value)
M. Barrow,Reading,25,LW,72,73,25000.0,2.0,2600000.0,🟡 SELL NOW (Peak Age)
A. Scholz,FC Midtjylland,25,CB,72,76,14000.0,4.0,2912000.0,🟡 SELL NOW (Peak Age)
Timo Triano,Botafogo,34,LDM,72,72,15000.0,2.0,1560000.0,🔴 TERMINATE (No Resale Value)
M. Frey,Fenerbahçe SK,23,ST,72,78,38000.0,3.0,5928000.0,🔵 LOAN OUT (Young)
T. Lees,Sheffield Wednesday,27,RCB,72,73,19000.0,2.0,1976000.0,🟡 SELL NOW (Peak Age)
Aitor,Levante UD,27,GK,72,75,12000.0,3.0,1872000.0,🟡 SELL NOW (Peak Age)
I. Hayden,Newcastle United,23,CDM,72,79,25000.0,2.0,2600000.0,🔵 LOAN OUT (Young)
R. Strieder,FC Utrecht,25,CDM,72,75,12000.0,2.0,1248000.0,🟡 SELL NOW (Peak Age)
A. González,Godoy Cruz,24,RW,72,77,11000.0,4.0,2288000.0,🟡 SELL NOW (Peak Age)
C. Jean,Toulouse Football Club,22,RM,72,77,17000.0,2.0,1768000.0,🔵 LOAN OUT (Young)
T. Moulin,MKE Ankaragücü,28,CDM,72,73,15000.0,2.0,1560000.0,🟡 SELL NOW (Peak Age)
Vieiraldo Junior,Sport Club do Recife,26,LDM,72,72,11000.0,2.0,1144000.0,🟡 SELL NOW (Peak Age)
Enzo Merques,Internacional,34,LB,72,72,17000.0,2.0,1768000.0,🔴 TERMINATE (No Resale Value)
Rômulo Calsede,Atlético Mineiro,30,ST,72,72,25000.0,2.0,2600000.0,🔴 TERMINATE (No Resale Value)
Marlion Simões,Ceará Sporting Club,26,LB,72,72,14000.0,2.0,1456000.0,🟡 SELL NOW (Peak Age)
Jota,Birmingham City,27,RM,72,72,21000.0,2.0,2184000.0,🟡 SELL NOW (Peak Age)
Porphirinho,Chapecoense,30,LDM,72,72,11000.0,2.0,1144000.0,🔴 TERMINATE (No Resale Value)
L. Cabrera,Getafe CF,26,LCB,72,75,15000.0,2.0,1560000.0,🟡 SELL NOW (Peak Age)
K. Kusk,Aalborg BK,26,RM,72,72,11000.0,3.0,1716000.0,🟡 SELL NOW (Peak Age)
M. Pack,Bristol City,27,LCM,72,73,30000.0,2.0,3120000.0,🟡 SELL NOW (Peak Age)
Alessinito,Ceará Sporting Club,34,RDM,72,72,14000.0,2.0,1456000.0,🔴 TERMINATE (No Resale Value)
J. Nsame,BSC Young Boys,25,ST,72,77,17000.0,2.0,1768000.0,🟡 SELL NOW (Peak Age)
T. Lawrence,Derby County,24,LM,72,78,29000.0,2.0,3016000.0,🟡 SELL NOW (Peak Age)
M. Sobottka,Fortuna Düsseldorf,24,CDM,72,78,16000.0,3.0,2496000.0,🟡 SELL NOW (Peak Age)
F. Gaibor,Independiente,26,RDM,72,73,15000.0,2.0,1560000.0,🟡 SELL NOW (Peak Age)
N. De la Cruz,River Plate,21,CAM,72,79,12000.0,2.0,1248000.0,🔵 LOAN OUT (Young)
S. Koroki,Urawa Red Diamonds,31,LS,72,72,11000.0,2.0,1144000.0,🔴 TERMINATE (No Resale Value)
Leordinho Paes,Santos,30,LAM,72,72,14000.0,2.0,1456000.0,🔴 TERMINATE (No Resale Value)
R. Wolf,Fortuna Düsseldorf,30,GK,72,72,15000.0,2.0,1560000.0,🔴 TERMINATE (No Resale Value)
P. Kunde Malong,1. FSV Mainz 05,22,CDM,72,79,15000.0,3.0,2340000.0,🔵 LOAN OUT (Young)
B. Afobe,Stoke City,25,ST,72,76,31000.0,3.0,4836000.0,🟡 SELL NOW (Peak Age)
A. Çalık,Galatasaray SK,24,CB,72,77,28000.0,2.0,2912000.0,🟡 SELL NOW (Peak Age)
S. Medina,Monterrey,26,RWB,72,74,28000.0,4.0,5824000.0,🟡 SELL NOW (Peak Age)
K. Diks,Fiorentina,21,RB,72,79,23000.0,2.0,2392000.0,🔵 LOAN OUT (Young)
C. Christie,Fulham,25,RCM,72,75,32000.0,2.0,3328000.0,🟡 SELL NOW (Peak Age)
B. Trawally,Guizhou Hengfeng FC,23,LS,72,78,11000.0,2.0,1144000.0,🔵 LOAN OUT (Young)
Jairinhazo,Sport Club do Recife,30,RAM,72,72,12000.0,2.0,1248000.0,🔴 TERMINATE (No Resale Value)
Jessé Ledeiro,Cruzeiro,30,CAM,72,72,20000.0,2.0,2080000.0,🔴 TERMINATE (No Resale Value)
J. Windass,Wigan Athletic,24,CAM,72,78,32000.0,2.0,3328000.0,🟡 SELL NOW (Peak Age)
K. Pedersen,Birmingham City,23,LB,72,77,16000.0,3.0,2496000.0,🔵 LOAN OUT (Young)
L. Carole,RC Strasbourg Alsace,27,LWB,72,73,13000.0,2.0,1352000.0,🟡 SELL NOW (Peak Age)
F. Al Muwallad,Al Ittihad,23,LM,72,77,23000.0,3.0,3588000.0,🔵 LOAN OUT (Young)
S. van de Streek,FC Utrecht,25,CAM,72,74,13000.0,2.0,1352000.0,🟡 SELL NOW (Peak Age)
A. Castro,San Lorenzo de Almagro,23,LM,72,78,13000.0,2.0,1352000.0,🔵 LOAN OUT (Young)
O. Nyland,Aston Villa,27,GK,72,74,11000.0,2.0,1144000.0,🟡 SELL NOW (Peak Age)
R. Keogh,Derby County,31,RCB,72,72,27000.0,2.0,2808000.0,🔴 TERMINATE (No Resale Value)
Adrián Burnabão,Botafogo,34,LAM,72,72,16000.0,2.0,1664000.0,🔴 TERMINATE (No Resale Value)
Jorge Carvallinho,Botafogo,34,RCB,72,72,15000.0,2.0,1560000.0,🔴 TERMINATE (No Resale Value)
J. van Overeem,FC Utrecht,24,CDM,72,75,12000.0,3.0,1872000.0,🟡 SELL NOW (Peak Age)
F. Quignon,Club Atlético Lanús,25,LCM,72,77,13000.0,2.0,1352000.0,🟡 SELL NOW (Peak Age)
L. Jiménez,Club Atlas,29,LCB,72,72,15000.0,3.0,2340000.0,🟡 SELL NOW (Peak Age)
L. Sigali,Racing Club,31,RCB,72,72,14000.0,4.0,2912000.0,🔴 TERMINATE (No Resale Value)
I. Seck,KRC Genk,28,CDM,72,72,11000.0,2.0,1144000.0,🟡 SELL NOW (Peak Age)
J. Torres Nilo,Tigres U.A.N.L.,30,LCB,72,72,32000.0,4.0,6656000.0,🔴 TERMINATE (No Resale Value)
J. Correa,Club Atlético Colón,25,ST,72,75,11000.0,2.0,1144000.0,🟡 SELL NOW (Peak Age)
F. Eboa Eboa,En Avant de Guingamp,21,CB,72,79,11000.0,4.0,2288000.0,🔵 LOAN OUT (Young)
S. Gustafson,FC Utrecht,23,RCM,72,77,12000.0,3.0,1872000.0,🔵 LOAN OUT (Young)
N. Murru,Sampdoria,23,LB,72,77,18000.0,3.0,2808000.0,🔵 LOAN OUT (Young)
Luís Leal,Newell's Old Boys,31,ST,72,72,15000.0,3.0,2340000.0,🔴 TERMINATE (No Resale Value)
Clayton Fildeiras,América FC (Minas Gerais),34,RAM,72,72,12000.0,2.0,1248000.0,🔴 TERMINATE (No Resale Value)
E. Buendía,Norwich City,21,RM,72,79,15000.0,3.0,2340000.0,🔵 LOAN OUT (Young)
F. Zuqui,Estudiantes de La Plata,26,RM,72,73,12000.0,2.0,1248000.0,🟡 SELL NOW (Peak Age)
Paulao Junqueiras,Grêmio,30,ST,72,72,22000.0,2.0,2288000.0,🔴 TERMINATE (No Resale Value)
T. Savanier,Nîmes Olympique,26,LCM,72,75,14000.0,3.0,2184000.0,🟡 SELL NOW (Peak Age)
Nilsito Vilela,Chapecoense,30,ST,72,72,14000.0,2.0,1456000.0,🔴 TERMINATE (No Resale Value)
A. Morales,Fortuna Düsseldorf,28,CM,72,72,22000.0,2.0,2288000.0,🟡 SELL NOW (Peak Age)
L. Höler,SC Freiburg,23,ST,72,75,17000.0,3.0,2652000.0,🔵 LOAN OUT (Young)
G. Fofana,En Avant de Guingamp,25,CDM,72,77,14000.0,2.0,1456000.0,🟡 SELL NOW (Peak Age)
J. Arango,Al Batin,27,LS,72,73,12000.0,4.0,2496000.0,🟡 SELL NOW (Peak Age)
L. Montes,Club León,32,CAM,72,72,21000.0,2.0,2184000.0,🔴 TERMINATE (No Resale Value)
J. Garro,Club Atlético Huracán,25,LM,72,73,12000.0,4.0,2496000.0,🟡 SELL NOW (Peak Age)
N. Bertolo,Club Atlético Banfield,32,LM,72,72,11000.0,2.0,1144000.0,🔴 TERMINATE (No Resale Value)
Hugo Rubiães,Fluminense,34,CDM,72,72,18000.0,2.0,1872000.0,🔴 TERMINATE (No Resale Value)
Y. Bammou,Stade Malherbe Caen,26,ST,72,73,18000.0,3.0,2808000.0,🟡 SELL NOW (Peak Age)
Carleto Costinha,Fluminense,26,RCM,72,72,20000.0,2.0,2080000.0,🟡 SELL NOW (Peak Age)
Mauro Riboas,Cruzeiro,26,RAM,72,72,20000.0,2.0,2080000.0,🟡 SELL NOW (Peak Age)
O. Idrissi,AZ Alkmaar,22,LW,72,79,11000.0,3.0,1716000.0,🔵 LOAN OUT (Young)
Yu Hanchao,Guangzhou Evergrande Taobao FC,31,LM,72,72,13000.0,2.0,1352000.0,🔴 TERMINATE (No Resale Value)
A. Bamba,Angers SCO,28,RWB,72,72,16000.0,2.0,1664000.0,🟡 SELL NOW (Peak Age)
Santi da Bruma,Bahia,34,ST,72,72,11000.0,2.0,1144000.0,🔴 TERMINATE (No Resale Value)
Y. En-Nesyri,CD Leganés,21,LS,72,78,17000.0,4.0,3536000.0,🔵 LOAN OUT (Young)
Thiago Alminxa,América FC (Minas Gerais),26,ST,72,72,14000.0,2.0,1456000.0,🟡 SELL NOW (Peak Age)
T. Chevalier,KV Kortrijk,31,LS,72,72,12000.0,2.0,1248000.0,🔴 TERMINATE (No Resale Value)
M. Møller Dæhli,FC St. Pauli,23,LM,72,77,12000.0,2.0,1248000.0,🔵 LOAN OUT (Young)
V. Regini,Sampdoria,27,LB,72,72,21000.0,2.0,2184000.0,🟡 SELL NOW (Peak Age)
H. Martín,Club América,25,ST,72,75,41000.0,4.0,8528000.0,🟡 SELL NOW (Peak Age)
Cristian Lodeira,Vitória,26,ST,72,72,11000.0,2.0,1144000.0,🟡 SELL NOW (Peak Age)
M. Waghorn,Derby County,28,ST,72,72,34000.0,2.0,3536000.0,🟡 SELL NOW (Peak Age)
Josué da Feira,Vitória,26,ST,72,72,11000.0,2.0,1144000.0,🟡 SELL NOW (Peak Age)
D. Bouanga,Nîmes Olympique,23,LM,72,77,12000.0,2.0,1248000.0,🔵 LOAN OUT (Young)
T. Trybull,Norwich City,25,CDM,72,74,18000.0,2.0,1872000.0,🟡 SELL NOW (Peak Age)
T. Kalas,Bristol City,25,LCB,72,76,26000.0,2.0,2704000.0,🟡 SELL NOW (Peak Age)
A. Briançon,Nîmes Olympique,23,RCB,72,76,11000.0,2.0,1144000.0,🔵 LOAN OUT (Young)
K. Kerschbaumer,FC Ingolstadt 04,26,RDM,72,73,19000.0,2.0,1976000.0,🟡 SELL NOW (Peak Age)
P. Díaz,Al Ahli,23,LCB,72,79,20000.0,4.0,4160000.0,🔵 LOAN OUT (Young)
M. Ducksch,Fortuna Düsseldorf,24,ST,72,76,20000.0,3.0,3120000.0,🟡 SELL NOW (Peak Age)
C. Bernardi,Club Atlético Colón,28,RM,72,72,11000.0,2.0,1144000.0,🟡 SELL NOW (Peak Age)
Y. Al Shahrani,Al Hilal,26,LB,72,74,24000.0,2.0,2496000.0,🟡 SELL NOW (Peak Age)
N. Boilesen,FC København,26,LB,72,74,14000.0,4.0,2912000.0,🟡 SELL NOW (Peak Age)
J. Otero,Amiens SC,23,RM,72,79,12000.0,2.0,1248000.0,🔵 LOAN OUT (Young)
A. Biyogo Poko,Göztepe SK,25,RDM,72,76,17000.0,2.0,1768000.0,🟡 SELL NOW (Peak Age)
F. Fontanini,Newell's Old Boys,28,LCB,72,73,13000.0,4.0,2704000.0,🟡 SELL NOW (Peak Age)
J. Jeanvier,Brentford,25,CB,72,76,26000.0,3.0,4056000.0,🟡 SELL NOW (Peak Age)
S. Moreira,Toulouse Football Club,23,RB,72,78,16000.0,2.0,1664000.0,🔵 LOAN OUT (Young)
C. Riaño,Club Necaxa,29,ST,72,72,12000.0,4.0,2496000.0,🟡 SELL NOW (Peak Age)
E. Alioski,Leeds United,26,LM,72,73,30000.0,2.0,3120000.0,🟡 SELL NOW (Peak Age)
G. Giménez,Vélez Sarsfield,26,RCM,72,73,11000.0,2.0,1144000.0,🟡 SELL NOW (Peak Age)
Jonas Damasto,Paraná,34,LB,72,72,14000.0,2.0,1456000.0,🔴 TERMINATE (No Resale Value)
R. Salinas,Deportivo Toluca,30,RB,72,72,16000.0,2.0,1664000.0,🔴 TERMINATE (No Resale Value)
E. López,Guadalajara,23,CAM,72,76,23000.0,3.0,3588000.0,🔵 LOAN OUT (Young)
Joshuando Sá,Santos,34,LB,72,72,12000.0,2.0,1248000.0,🔴 TERMINATE (No Resale Value)
A. Zaldívar,Guadalajara,24,ST,72,77,25000.0,4.0,5200000.0,🟡 SELL NOW (Peak Age)
Jeff Meirson,América FC (Minas Gerais),26,LB,72,72,11000.0,2.0,1144000.0,🟡 SELL NOW (Peak Age)
Nuno da Costa,RC Strasbourg Alsace,27,ST,72,73,15000.0,2.0,1560000.0,🟡 SELL NOW (Peak Age)
B. Jeannot,Dijon FCO,26,ST,72,74,12000.0,2.0,1248000.0,🟡 SELL NOW (Peak Age)
B. Sarmiento,Newell's Old Boys,28,CAM,72,72,14000.0,2.0,1456000.0,🟡 SELL NOW (Peak Age)
P. Stenzel,SC Freiburg,22,RB,72,77,14000.0,2.0,1456000.0,🔵 LOAN OUT (Young)
D. Le Tallec,Montpellier HSC,28,LCM,72,73,17000.0,3.0,2652000.0,🟡 SELL NOW (Peak Age)
R. Bobadilla,Argentinos Juniors,31,ST,72,72,11000.0,2.0,1144000.0,🔴 TERMINATE (No Resale Value)
C. Knasmüllner,SK Rapid Wien,26,CAM,72,75,14000.0,2.0,1456000.0,🟡 SELL NOW (Peak Age)
A. Milić,RSC Anderlecht,24,LB,72,77,11000.0,2.0,1144000.0,🟡 SELL NOW (Peak Age)
S. Bahoken,Angers SCO,26,ST,72,75,18000.0,3.0,2808000.0,🟡 SELL NOW (Peak Age)
N. Höfler,SC Freiburg,28,CDM,72,72,17000.0,2.0,1768000.0,🟡 SELL NOW (Peak Age)
J. Dezi,Parma,26,CM,72,74,28000.0,3.0,4368000.0,🟡 SELL NOW (Peak Age)
N. Baker,Bristol City,27,CB,72,74,27000.0,2.0,2808000.0,🟡 SELL NOW (Peak Age)
M. Saymak,Çaykur Rizespor,25,CAM,72,76,11000.0,2.0,1144000.0,🟡 SELL NOW (Peak Age)
J. Murphy,Rangers FC,28,LW,72,72,39000.0,2.0,4056000.0,🟡 SELL NOW (Peak Age)
L. Phiri,En Avant de Guingamp,23,CM,72,78,14000.0,2.0,1456000.0,🔵 LOAN OUT (Young)
Luismi,Real Valladolid CF,26,CDM,72,77,13000.0,2.0,1352000.0,🟡 SELL NOW (Peak Age)
J. Bennett,Cardiff City,28,LB,72,72,30000.0,2.0,3120000.0,🟡 SELL NOW (Peak Age)
A. Weimann,Bristol City,26,RS,72,72,32000.0,2.0,3328000.0,🟡 SELL NOW (Peak Age)
C. Jullien,Toulouse Football Club,25,LCB,72,76,17000.0,2.0,1768000.0,🟡 SELL NOW (Peak Age)
Clinton Mata,Club Brugge KV,25,RM,72,73,15000.0,3.0,2340000.0,🟡 SELL NOW (Peak Age)
A. Murgia,Lazio,21,CM,72,78,22000.0,3.0,3432000.0,🔵 LOAN OUT (Young)
C. Mulgrew,Blackburn Rovers,32,CB,72,72,27000.0,2.0,2808000.0,🔴 TERMINATE (No Resale Value)
Alexandre Frandeira,Sport Club do Recife,30,LCB,72,72,11000.0,2.0,1144000.0,🔴 TERMINATE (No Resale Value)
G. Hanley,Norwich City,26,CB,72,74,19000.0,4.0,3952000.0,🟡 SELL NOW (Peak Age)
M. Cauteruccio,Cruz Azul,31,ST,72,72,20000.0,4.0,4160000.0,🔴 TERMINATE (No Resale Value)
L. Ariaudo,Frosinone,29,CB,72,72,12000.0,2.0,1248000.0,🟡 SELL NOW (Peak Age)
S. Berahino,Stoke City,24,LW,71,76,25000.0,3.0,3900000.0,🟡 SELL NOW (Peak Age)
H. Lansbury,Aston Villa,27,CM,71,71,13000.0,2.0,1352000.0,🟡 SELL NOW (Peak Age)
A. Kamara,Fulham,23,ST,71,76,31000.0,2.0,3224000.0,🔵 LOAN OUT (Young)
Tobias Figueiredo,Nottingham Forest,24,RCB,71,75,23000.0,3.0,3588000.0,🟡 SELL NOW (Peak Age)
Jordi Calavera,SD Eibar,22,RB,71,77,11000.0,2.0,1144000.0,🔵 LOAN OUT (Young)
S. Aydoğdu,Medipol Başakşehir FK,27,CM,71,71,16000.0,2.0,1664000.0,🟡 SELL NOW (Peak Age)
D. Appiah,RSC Anderlecht,26,RB,71,72,12000.0,2.0,1248000.0,🟡 SELL NOW (Peak Age)
J. Paterson,Bristol City,26,LM,71,72,26000.0,2.0,2704000.0,🟡 SELL NOW (Peak Age)
Y. Chibsah,Frosinone,25,RCM,71,74,11000.0,2.0,1144000.0,🟡 SELL NOW (Peak Age)
A. Gogia,1. FC Union Berlin,26,RW,71,72,21000.0,2.0,2184000.0,🟡 SELL NOW (Peak Age)
O. Hernández,Norwich City,25,LM,71,74,17000.0,2.0,1768000.0,🟡 SELL NOW (Peak Age)
S. Rosted,KAA Gent,23,CB,71,76,11000.0,2.0,1144000.0,🔵 LOAN OUT (Young)
C. Paterson,Cardiff City,23,RB,71,77,24000.0,3.0,3744000.0,🔵 LOAN OUT (Young)
G. Kvilitaia,KAA Gent,24,ST,71,74,13000.0,3.0,2028000.0,🟡 SELL NOW (Peak Age)
Heitor Gesse,Cruzeiro,34,LB,71,71,16000.0,2.0,1664000.0,🔴 TERMINATE (No Resale Value)
João Bardinho,Botafogo,34,LB,71,71,13000.0,2.0,1352000.0,🔴 TERMINATE (No Resale Value)
F. Barrientos,Club Atlético Lanús,26,CM,71,72,12000.0,2.0,1248000.0,🟡 SELL NOW (Peak Age)
S. Mendoza,Amiens SC,26,LM,71,72,12000.0,2.0,1248000.0,🟡 SELL NOW (Peak Age)
Alam Araújo,Grêmio,26,LB,71,71,16000.0,2.0,1664000.0,🟡 SELL NOW (Peak Age)
F. Andrijašević,KAA Gent,27,CAM,71,72,13000.0,3.0,2028000.0,🟡 SELL NOW (Peak Age)
C. Adams,Birmingham City,21,RS,71,79,15000.0,3.0,2340000.0,🔵 LOAN OUT (Young)
P. Škuletić,Montpellier HSC,28,ST,71,71,18000.0,2.0,1872000.0,🟡 SELL NOW (Peak Age)
Tiago Pombeira,Atlético Mineiro,30,RAM,71,71,21000.0,2.0,2184000.0,🔴 TERMINATE (No Resale Value)
J. Zimmer,Fortuna Düsseldorf,24,RM,71,76,14000.0,3.0,2184000.0,🟡 SELL NOW (Peak Age)
R. Yaremchuk,KAA Gent,22,ST,71,76,13000.0,2.0,1352000.0,🔵 LOAN OUT (Young)
F. Wiedwald,Eintracht Frankfurt,28,GK,71,71,16000.0,2.0,1664000.0,🟡 SELL NOW (Peak Age)
B. Garnica,Club Atlas,22,RM,71,77,12000.0,2.0,1248000.0,🔵 LOAN OUT (Young)
B. McKay,Swansea City,23,LW,71,78,17000.0,2.0,1768000.0,🔵 LOAN OUT (Young)
J. Perbet,Sporting de Charleroi,33,ST,71,71,11000.0,2.0,1144000.0,🔴 TERMINATE (No Resale Value)
Carlitos,FC Sion,35,LM,71,71,14000.0,3.0,2184000.0,🔴 TERMINATE (No Resale Value)
J. Bostock,Toulouse Football Club,26,RDM,71,74,16000.0,2.0,1664000.0,🟡 SELL NOW (Peak Age)
G. Verón,Independiente,28,RM,71,71,14000.0,2.0,1456000.0,🟡 SELL NOW (Peak Age)
M. Dijks,Bologna,25,LM,71,74,17000.0,4.0,3536000.0,🟡 SELL NOW (Peak Age)
M. Bourabia,Sassuolo,26,RCM,71,72,29000.0,3.0,4524000.0,🟡 SELL NOW (Peak Age)
E. Bergström,FC Utrecht,25,CB,71,75,11000.0,2.0,1144000.0,🟡 SELL NOW (Peak Age)
D. Cools,Club Brugge KV,22,RM,71,78,12000.0,2.0,1248000.0,🔵 LOAN OUT (Young)
J. Abella,Santos Laguna,24,RB,71,75,11000.0,4.0,2288000.0,🟡 SELL NOW (Peak Age)
O. González,Deportivo Toluca,33,RCB,71,71,14000.0,3.0,2184000.0,🔴 TERMINATE (No Resale Value)
Paulolettinho,Paraná,34,LAM,71,71,14000.0,2.0,1456000.0,🔴 TERMINATE (No Resale Value)
J. McClean,Stoke City,29,LW,71,71,30000.0,3.0,4680000.0,🟡 SELL NOW (Peak Age)
J. Šimunović,Celtic,23,CB,71,76,24000.0,2.0,2496000.0,🔵 LOAN OUT (Young)
J. Marriott,Derby County,23,ST,71,78,25000.0,2.0,2600000.0,🔵 LOAN OUT (Young)
C. Pantilimon,Nottingham Forest,31,GK,71,71,22000.0,2.0,2288000.0,🔴 TERMINATE (No Resale Value)
A. Nwakaeme,Trabzonspor,29,LM,71,71,21000.0,2.0,2184000.0,🟡 SELL NOW (Peak Age)
M. Doumbia,Stade de Reims,23,LM,71,77,11000.0,3.0,1716000.0,🔵 LOAN OUT (Young)
T. Darikwa,Nottingham Forest,26,RB,71,72,27000.0,2.0,2808000.0,🟡 SELL NOW (Peak Age)
A. Forshaw,Leeds United,26,LCM,71,72,26000.0,3.0,4056000.0,🟡 SELL NOW (Peak Age)
R. Coly,OGC Nice,22,LB,71,78,15000.0,3.0,2340000.0,🔵 LOAN OUT (Young)
B. Koita,Kasimpaşa SK,27,ST,71,71,11000.0,2.0,1144000.0,🟡 SELL NOW (Peak Age)
P. Barrera,U.N.A.M.,31,RM,71,71,14000.0,4.0,2912000.0,🔴 TERMINATE (No Resale Value)
K. Musona,RSC Anderlecht,28,CF,71,71,15000.0,3.0,2340000.0,🟡 SELL NOW (Peak Age)
S. Hierländer,SK Sturm Graz,27,RM,71,71,14000.0,2.0,1456000.0,🟡 SELL NOW (Peak Age)
M. Dal Hende,FC Midtjylland,27,LWB,71,71,13000.0,2.0,1352000.0,🟡 SELL NOW (Peak Age)
Martin Cordeia,Internacional,34,CAM,71,71,17000.0,2.0,1768000.0,🔴 TERMINATE (No Resale Value)
Marlion Rolim,Cruzeiro,26,LAM,71,71,18000.0,2.0,1872000.0,🟡 SELL NOW (Peak Age)
S. Guirassy,1. FC Köln,22,ST,71,79,13000.0,2.0,1352000.0,🔵 LOAN OUT (Young)
Eltildo Bessa,Paraná,34,ST,71,71,15000.0,2.0,1560000.0,🔴 TERMINATE (No Resale Value)
B. Marshall,Norwich City,27,LM,71,71,18000.0,3.0,2808000.0,🟡 SELL NOW (Peak Age)
N. Mendez-Laing,Cardiff City,26,RW,71,72,30000.0,2.0,3120000.0,🟡 SELL NOW (Peak Age)
Z. Bakkali,RSC Anderlecht,22,LM,71,77,11000.0,3.0,1716000.0,🔵 LOAN OUT (Young)
P. Köpke,Hertha BSC,22,ST,71,79,16000.0,3.0,2496000.0,🔵 LOAN OUT (Young)
K. McLean,Norwich City,26,CM,71,73,18000.0,2.0,1872000.0,🟡 SELL NOW (Peak Age)
O. Jiménez,Club América,29,GK,71,71,27000.0,2.0,2808000.0,🟡 SELL NOW (Peak Age)
Túlio Sandoiro,América FC (Minas Gerais),34,ST,71,71,12000.0,2.0,1248000.0,🔴 TERMINATE (No Resale Value)
P. Oniangué,Stade Malherbe Caen,29,CDM,71,71,14000.0,3.0,2184000.0,🟡 SELL NOW (Peak Age)
S. Malone,Derby County,27,LB,71,72,24000.0,2.0,2496000.0,🟡 SELL NOW (Peak Age)
T. Dingomé,Stade de Reims,27,CDM,71,72,11000.0,2.0,1144000.0,🟡 SELL NOW (Peak Age)
M. Colin,Birmingham City,26,RB,71,72,17000.0,2.0,1768000.0,🟡 SELL NOW (Peak Age)
F. Jozefzoon,Derby County,27,RW,71,71,29000.0,2.0,3016000.0,🟡 SELL NOW (Peak Age)
O. Bayram,Galatasaray SK,26,LB,71,72,29000.0,2.0,3016000.0,🟡 SELL NOW (Peak Age)
A. Voglsammer,DSC Arminia Bielefeld,26,LS,71,73,11000.0,2.0,1144000.0,🟡 SELL NOW (Peak Age)
A. Yiadom,Reading,26,RB,71,72,20000.0,3.0,3120000.0,🟡 SELL NOW (Peak Age)
E. Zelazny,Stade Malherbe Caen,26,GK,71,74,11000.0,2.0,1144000.0,🟡 SELL NOW (Peak Age)
A. Leya Iseka,Toulouse Football Club,20,ST,71,78,15000.0,3.0,2340000.0,🔵 LOAN OUT (Young)
Raphael Rossi,FC Sion,27,CB,71,72,18000.0,2.0,1872000.0,🟡 SELL NOW (Peak Age)
Wiliam Santinho,Fluminense,34,GK,71,71,13000.0,2.0,1352000.0,🔴 TERMINATE (No Resale Value)
Wagner Orsinho,Fluminense,30,LB,71,71,16000.0,2.0,1664000.0,🔴 TERMINATE (No Resale Value)
P. Faragò,Cagliari,25,RM,71,73,18000.0,3.0,2808000.0,🟡 SELL NOW (Peak Age)
Luisinho Conradi,Atlético Mineiro,30,LB,71,71,19000.0,2.0,1976000.0,🔴 TERMINATE (No Resale Value)
B. Özcan,VfB Stuttgart,20,CAM,71,78,15000.0,2.0,1560000.0,🔵 LOAN OUT (Young)
P. Bamford,Leeds United,24,ST,71,76,25000.0,3.0,3900000.0,🟡 SELL NOW (Peak Age)
A. Calabresi,Bologna,22,CB,71,79,15000.0,3.0,2340000.0,🔵 LOAN OUT (Young)
Z. Kuzmanović,FC Basel 1893,30,CM,71,71,17000.0,4.0,3536000.0,🔴 TERMINATE (No Resale Value)
V. Salazar,San Lorenzo de Almagro,25,RB,71,76,11000.0,2.0,1144000.0,🟡 SELL NOW (Peak Age)
P. Mwene,1. FSV Mainz 05,24,RB,71,78,13000.0,2.0,1352000.0,🟡 SELL NOW (Peak Age)
Andrei Girotto,FC Nantes,26,CDM,71,73,15000.0,2.0,1560000.0,🟡 SELL NOW (Peak Age)
R. Herrera,Pachuca,29,CB,71,71,18000.0,4.0,3744000.0,🟡 SELL NOW (Peak Age)
Jonas,Al Ittihad,26,LDM,71,72,21000.0,2.0,2184000.0,🟡 SELL NOW (Peak Age)
Silvosinho,Santos,34,RB,71,71,11000.0,2.0,1144000.0,🔴 TERMINATE (No Resale Value)
R. Baca,Cruz Azul,28,LDM,71,71,17000.0,3.0,2652000.0,🟡 SELL NOW (Peak Age)
S. Limbombe,KAA Gent,27,RM,71,71,15000.0,2.0,1560000.0,🟡 SELL NOW (Peak Age)
M. Al Owais,Al Ahli,26,GK,71,73,17000.0,3.0,2652000.0,🟡 SELL NOW (Peak Age)
A. Ateef,Al Hilal,25,LDM,71,74,20000.0,3.0,3120000.0,🟡 SELL NOW (Peak Age)
E. García,Pachuca,28,LB,71,71,18000.0,4.0,3744000.0,🟡 SELL NOW (Peak Age)
Fábio,FC Nantes,27,LB,71,71,15000.0,2.0,1560000.0,🟡 SELL NOW (Peak Age)
J. Brownhill,Bristol City,22,RCM,71,79,23000.0,2.0,2392000.0,🔵 LOAN OUT (Young)
N. Pasquini,Club Atlético Lanús,27,LB,71,72,11000.0,2.0,1144000.0,🟡 SELL NOW (Peak Age)
K. Sema,Watford,24,LM,71,73,27000.0,4.0,5616000.0,🟡 SELL NOW (Peak Age)
Nathael Silbeira,Cruzeiro,34,GK,71,71,13000.0,2.0,1352000.0,🔴 TERMINATE (No Resale Value)
Eduardo Fonseira,Botafogo,30,GK,71,71,11000.0,2.0,1144000.0,🔴 TERMINATE (No Resale Value)
R. Beerens,Vitesse,30,RW,71,71,11000.0,2.0,1144000.0,🔴 TERMINATE (No Resale Value)
Cao Yunding,Shanghai Greenland Shenhua FC,28,LM,71,71,11000.0,3.0,1716000.0,🟡 SELL NOW (Peak Age)
N. Sarenren Bazee,Hannover 96,21,RM,70,78,13000.0,2.0,1352000.0,🔵 LOAN OUT (Young)
A. Pešić,Al Ittihad,26,ST,70,73,22000.0,4.0,4576000.0,🟡 SELL NOW (Peak Age)
Jony Reitosa,Ceará Sporting Club,26,RB,70,70,11000.0,2.0,1144000.0,🟡 SELL NOW (Peak Age)
J. Murphy,Cardiff City,23,LM,70,77,21000.0,3.0,3276000.0,🔵 LOAN OUT (Young)
R. Gagliolo,Parma,28,LCB,70,70,21000.0,4.0,4368000.0,🟡 SELL NOW (Peak Age)
D. de Buen,Santos Laguna,26,CDM,70,72,11000.0,2.0,1144000.0,🟡 SELL NOW (Peak Age)
D. John,Swansea City,23,LB,70,78,12000.0,2.0,1248000.0,🔵 LOAN OUT (Young)
J. Valenzuela,Club Tijuana,34,LCB,70,70,11000.0,2.0,1144000.0,🔴 TERMINATE (No Resale Value)
F. Bradarić,Cagliari,26,CM,70,74,15000.0,4.0,3120000.0,🟡 SELL NOW (Peak Age)
A. Canelo,Deportivo Toluca,26,ST,70,72,14000.0,4.0,2912000.0,🟡 SELL NOW (Peak Age)
B. Barišić,Rangers FC,25,LB,70,73,23000.0,3.0,3588000.0,🟡 SELL NOW (Peak Age)
C. Ganea,Athletic Club de Bilbao,26,LB,70,73,11000.0,2.0,1144000.0,🟡 SELL NOW (Peak Age)
Lourival Dinisco,Paraná,30,LCB,70,70,11000.0,2.0,1144000.0,🔴 TERMINATE (No Resale Value)
Jairo Farnias,Internacional,30,GK,70,70,11000.0,2.0,1144000.0,🔴 TERMINATE (No Resale Value)
D. Cabrera,U.N.A.M.,28,CM,70,70,12000.0,2.0,1248000.0,🟡 SELL NOW (Peak Age)
F. Platte,SV Darmstadt 98,22,ST,70,77,11000.0,2.0,1144000.0,🔵 LOAN OUT (Young)
M. Friedrich,1. FC Union Berlin,22,RCB,70,78,13000.0,2.0,1352000.0,🔵 LOAN OUT (Young)
M. Targett,Southampton,22,LB,70,79,19000.0,3.0,2964000.0,🔵 LOAN OUT (Young)
R. Dwamena,Levante UD,22,ST,70,79,12000.0,3.0,1872000.0,🔵 LOAN OUT (Young)
Ansel Barnisco,Paraná,30,LDM,70,70,11000.0,2.0,1144000.0,🔴 TERMINATE (No Resale Value)
L. Baker,Leeds United,23,CM,70,78,20000.0,3.0,3120000.0,🔵 LOAN OUT (Young)
N. Paz,Bologna,26,CB,70,75,15000.0,4.0,3120000.0,🟡 SELL NOW (Peak Age)
M. Hefele,Nottingham Forest,27,CB,70,72,24000.0,2.0,2496000.0,🟡 SELL NOW (Peak Age)
K. Coulibaly,FC Nantes,26,ST,70,70,15000.0,3.0,2340000.0,🟡 SELL NOW (Peak Age)
D. Lenihan,Blackburn Rovers,24,CB,70,75,18000.0,3.0,2808000.0,🟡 SELL NOW (Peak Age)
Renaldo Justinho,Botafogo,34,CAM,70,70,12000.0,2.0,1248000.0,🔴 TERMINATE (No Resale Value)
S. Hogan,Aston Villa,26,ST,70,73,12000.0,2.0,1248000.0,🟡 SELL NOW (Peak Age)
Vinicius Trieiro,Botafogo,26,RB,70,70,11000.0,2.0,1144000.0,🟡 SELL NOW (Peak Age)
Raphael Paneira,Grêmio,30,RW,70,70,17000.0,2.0,1768000.0,🔴 TERMINATE (No Resale Value)
Jailson Oliva,Atlético Mineiro,26,RB,70,70,16000.0,2.0,1664000.0,🟡 SELL NOW (Peak Age)
C. Ramos,Al Nassr,29,LCB,70,70,19000.0,3.0,2964000.0,🟡 SELL NOW (Peak Age)
A. Mabil,FC Midtjylland,22,RW,70,78,12000.0,3.0,1872000.0,🔵 LOAN OUT (Young)
M. Olivera,Fiorentina,26,LB,70,73,24000.0,2.0,2496000.0,🟡 SELL NOW (Peak Age)
Breno Bemposta,Ceará Sporting Club,34,LDM,70,70,11000.0,2.0,1144000.0,🔴 TERMINATE (No Resale Value)
I. Saadi,RC Strasbourg Alsace,26,ST,70,71,12000.0,2.0,1248000.0,🟡 SELL NOW (Peak Age)
Marlinito Dias,Cruzeiro,34,CDM,70,70,14000.0,2.0,1456000.0,🔴 TERMINATE (No Resale Value)
José Arnáiz,CD Leganés,23,LM,70,79,13000.0,4.0,2704000.0,🔵 LOAN OUT (Young)
Luan Sendeiro,Internacional,26,CDM,70,70,13000.0,2.0,1352000.0,🟡 SELL NOW (Peak Age)
J. Cortés,Santos Laguna,28,CM,70,70,12000.0,2.0,1248000.0,🟡 SELL NOW (Peak Age)
M. George,FC Midtjylland,24,ST,70,75,12000.0,3.0,1872000.0,🟡 SELL NOW (Peak Age)
X. Kouassi,FC Sion,28,LCM,70,70,16000.0,3.0,2496000.0,🟡 SELL NOW (Peak Age)
J. Bacuna,Huddersfield Town,20,CM,70,77,18000.0,2.0,1872000.0,🔵 LOAN OUT (Young)
Sevinho Santos,Cruzeiro,30,ST,70,70,17000.0,2.0,1768000.0,🔴 TERMINATE (No Resale Value)
M. Pajač,Cagliari,25,LM,70,72,16000.0,2.0,1664000.0,🟡 SELL NOW (Peak Age)
J. Domínguez,Cruz Azul,30,LCB,70,70,13000.0,2.0,1352000.0,🔴 TERMINATE (No Resale Value)
J. Wurtz,SV Darmstadt 98,26,CAM,70,71,12000.0,2.0,1248000.0,🟡 SELL NOW (Peak Age)
Y. Al Shehri,Al Nassr,28,CAM,70,70,21000.0,2.0,2184000.0,🟡 SELL NOW (Peak Age)
D. Williams,Blackburn Rovers,25,LB,70,72,20000.0,2.0,2080000.0,🟡 SELL NOW (Peak Age)
F. Diabaté,Leicester City,22,LM,70,78,27000.0,3.0,4212000.0,🔵 LOAN OUT (Young)
K. N'Doram,AS Monaco,22,CDM,70,79,24000.0,4.0,4992000.0,🔵 LOAN OUT (Young)
I. Plastun,KAA Gent,27,CB,70,71,11000.0,3.0,1716000.0,🟡 SELL NOW (Peak Age)
H. Al Moqahwi,Al Ahli,30,CAM,70,70,20000.0,3.0,3120000.0,🔴 TERMINATE (No Resale Value)
N. Taylor,Aston Villa,29,LB,70,70,11000.0,2.0,1144000.0,🟡 SELL NOW (Peak Age)
Y. Ngbakoto,En Avant de Guingamp,26,LM,70,71,13000.0,2.0,1352000.0,🟡 SELL NOW (Peak Age)
A. Wisdom,Derby County,25,RB,70,75,20000.0,2.0,2080000.0,🟡 SELL NOW (Peak Age)
J. de Wijs,Hull City,23,CB,70,74,12000.0,2.0,1248000.0,🔵 LOAN OUT (Young)
R. Del Castillo,Stade Rennais FC,22,RM,70,77,14000.0,3.0,2184000.0,🔵 LOAN OUT (Young)
P. McNair,Middlesbrough,23,CDM,70,78,22000.0,3.0,3432000.0,🔵 LOAN OUT (Young)
J. Fulton,Swansea City,24,RCM,70,77,12000.0,2.0,1248000.0,🟡 SELL NOW (Peak Age)
T. Mings,Bournemouth,25,LB,70,72,27000.0,2.0,2808000.0,🟡 SELL NOW (Peak Age)
P. Souaré,Crystal Palace,28,LB,70,70,25000.0,2.0,2600000.0,🟡 SELL NOW (Peak Age)
J. Vigón,Club Atlas,26,RCM,70,70,12000.0,3.0,1872000.0,🟡 SELL NOW (Peak Age)
M. Cerato,Club León,30,RW,70,70,17000.0,4.0,3536000.0,🔴 TERMINATE (No Resale Value)
H. Veerman,FC St. Pauli,27,ST,70,70,11000.0,2.0,1144000.0,🟡 SELL NOW (Peak Age)
Daguinho Parrela,Internacional,34,RB,70,70,13000.0,2.0,1352000.0,🔴 TERMINATE (No Resale Value)
C. Zimmermann,Norwich City,25,RCB,70,75,14000.0,2.0,1456000.0,🟡 SELL NOW (Peak Age)
Jorginho,Al Qadisiyah,27,RM,70,70,12000.0,4.0,2496000.0,🟡 SELL NOW (Peak Age)
L. Quintana,U.N.A.M.,26,LCB,70,75,11000.0,3.0,1716000.0,🟡 SELL NOW (Peak Age)
J. Cristaldo,Racing Club,29,RS,70,70,13000.0,4.0,2704000.0,🟡 SELL NOW (Peak Age)
Bernardo Motinho,Cruzeiro,26,RB,70,70,14000.0,2.0,1456000.0,🟡 SELL NOW (Peak Age)
F. Al Ansari,Al Faisaly,31,LDM,70,70,13000.0,4.0,2704000.0,🔴 TERMINATE (No Resale Value)
E. Bennett,Blackburn Rovers,29,RM,70,70,24000.0,2.0,2496000.0,🟡 SELL NOW (Peak Age)
A. Sørloth,Crystal Palace,22,ST,70,76,25000.0,3.0,3900000.0,🔵 LOAN OUT (Young)
David Raya,Blackburn Rovers,22,GK,70,77,14000.0,2.0,1456000.0,🔵 LOAN OUT (Young)
J. Siebatcheu,Stade Rennais FC,22,ST,70,77,16000.0,4.0,3328000.0,🔵 LOAN OUT (Young)
Milton Menceiros,Ceará Sporting Club,26,LCB,70,70,11000.0,2.0,1144000.0,🟡 SELL NOW (Peak Age)
T. Schröck,FC Ingolstadt 04,25,CB,70,75,12000.0,2.0,1248000.0,🟡 SELL NOW (Peak Age)
Z. Touré,Trabzonspor,28,RCB,70,71,16000.0,2.0,1664000.0,🟡 SELL NOW (Peak Age)
M. Müller,RB Leipzig,24,GK,70,75,15000.0,2.0,1560000.0,🟡 SELL NOW (Peak Age)
Eltson Marques,Internacional,26,CB,70,70,13000.0,2.0,1352000.0,🟡 SELL NOW (Peak Age)
C. Lombardi,Lazio,22,LW,69,74,19000.0,3.0,2964000.0,🔵 LOAN OUT (Young)
C. Evans,Blackburn Rovers,27,CDM,69,69,18000.0,2.0,1872000.0,🟡 SELL NOW (Peak Age)
S. Dursun,SV Darmstadt 98,26,ST,69,70,11000.0,2.0,1144000.0,🟡 SELL NOW (Peak Age)
Roldão Riso,Grêmio,26,CDM,69,69,12000.0,2.0,1248000.0,🟡 SELL NOW (Peak Age)
Carvamelinho,Grêmio,34,RB,69,69,12000.0,2.0,1248000.0,🔴 TERMINATE (No Resale Value)
I. González,Club León,33,CB,69,69,12000.0,2.0,1248000.0,🔴 TERMINATE (No Resale Value)
Lucas Galvão,FC Ingolstadt 04,27,CB,69,72,11000.0,2.0,1144000.0,🟡 SELL NOW (Peak Age)
J. Mees,1. FC Union Berlin,22,LW,69,78,14000.0,2.0,1456000.0,🔵 LOAN OUT (Young)
F. Píriz,Montpellier HSC,28,CDM,69,70,11000.0,4.0,2288000.0,🟡 SELL NOW (Peak Age)
M. Watkins,Bristol City,27,RM,69,69,19000.0,2.0,1976000.0,🟡 SELL NOW (Peak Age)
Paulo Fajarda,Cruzeiro,26,CB,69,69,12000.0,2.0,1248000.0,🟡 SELL NOW (Peak Age)
I. Jiménez,Tigres U.A.N.L.,28,RB,69,69,22000.0,2.0,2288000.0,🟡 SELL NOW (Peak Age)
J. Jantscher,SK Sturm Graz,29,LM,69,69,11000.0,2.0,1144000.0,🟡 SELL NOW (Peak Age)
S. Prevljak,FC Red Bull Salzburg,23,LS,69,77,15000.0,3.0,2340000.0,🔵 LOAN OUT (Young)
A. Aldrete,Cruz Azul,30,LB,69,69,11000.0,4.0,2288000.0,🔴 TERMINATE (No Resale Value)
J. Hunt,Bristol City,27,RB,69,69,18000.0,2.0,1872000.0,🟡 SELL NOW (Peak Age)
Alson Botelho,Atlético Mineiro,30,CDM,69,69,14000.0,2.0,1456000.0,🔴 TERMINATE (No Resale Value)
Arthur Caike,Al Shabab,26,LM,69,70,15000.0,2.0,1560000.0,🟡 SELL NOW (Peak Age)
E. Kouassi,Celtic,20,CDM,69,77,15000.0,2.0,1560000.0,🔵 LOAN OUT (Young)
E. Triverio,Deportivo Toluca,29,ST,69,69,13000.0,4.0,2704000.0,🟡 SELL NOW (Peak Age)
Lucas João,Sheffield Wednesday,24,LM,69,73,13000.0,2.0,1352000.0,🟡 SELL NOW (Peak Age)
Antonaldo Laforte,Fluminense,26,CAM,69,69,13000.0,2.0,1352000.0,🟡 SELL NOW (Peak Age)
G. Madine,Cardiff City,27,ST,69,69,22000.0,2.0,2288000.0,🟡 SELL NOW (Peak Age)
Ever Sineiro,Cruzeiro,30,CAM,69,69,13000.0,2.0,1352000.0,🔴 TERMINATE (No Resale Value)
S. Gallagher,Southampton,22,ST,69,77,20000.0,2.0,2080000.0,🔵 LOAN OUT (Young)
P. Hosiner,SK Sturm Graz,29,ST,69,69,11000.0,2.0,1144000.0,🟡 SELL NOW (Peak Age)
Renato Rochela,Atlético Mineiro,26,CAM,69,69,15000.0,2.0,1560000.0,🟡 SELL NOW (Peak Age)
L. Valzania,Atalanta,22,CM,69,78,11000.0,4.0,2288000.0,🔵 LOAN OUT (Young)
Rômulão Selva,Botafogo,26,LS,69,69,11000.0,2.0,1144000.0,🟡 SELL NOW (Peak Age)
K. Palmer,Blackburn Rovers,21,CAM,69,77,14000.0,2.0,1456000.0,🔵 LOAN OUT (Young)
Kaíque Mutto,Atlético Mineiro,26,GK,69,69,11000.0,2.0,1144000.0,🟡 SELL NOW (Peak Age)
S. Fortès,Toulouse Football Club,26,RCB,69,72,12000.0,2.0,1248000.0,🟡 SELL NOW (Peak Age)
M. Stefaniak,VfL Wolfsburg,23,LW,69,76,18000.0,3.0,2808000.0,🔵 LOAN OUT (Young)
A. Kalulu,FC Basel 1893,22,RM,69,78,11000.0,2.0,1144000.0,🔵 LOAN OUT (Young)
C. Kipré,Wigan Athletic,21,RCB,69,78,15000.0,2.0,1560000.0,🔵 LOAN OUT (Young)
D. Davis,Birmingham City,27,CM,69,70,13000.0,2.0,1352000.0,🟡 SELL NOW (Peak Age)
S. Benrahma,Brentford,22,LW,69,75,19000.0,3.0,2964000.0,🔵 LOAN OUT (Young)
C. Salcido,Guadalajara,38,CB,69,69,11000.0,2.0,1144000.0,🔴 TERMINATE (No Resale Value)
M. Roberts,Birmingham City,27,CB,69,71,12000.0,3.0,1872000.0,🟡 SELL NOW (Peak Age)
L. Stulac,Parma,23,CDM,69,77,14000.0,4.0,2912000.0,🔵 LOAN OUT (Young)
Emidio Hoffman,Atlético Mineiro,34,CB,69,69,14000.0,2.0,1456000.0,🔴 TERMINATE (No Resale Value)
Sergi Canós,Brentford,21,RW,68,74,14000.0,3.0,2184000.0,🔵 LOAN OUT (Young)
T. Bašić,FC Girondins de Bordeaux,21,CM,68,77,11000.0,3.0,1716000.0,🔵 LOAN OUT (Young)
S. Baldock,Reading,29,ST,68,68,15000.0,2.0,1560000.0,🟡 SELL NOW (Peak Age)
J. Swift,Reading,23,CM,68,73,12000.0,3.0,1872000.0,🔵 LOAN OUT (Young)
S. Kutschke,FC Ingolstadt 04,29,ST,68,68,12000.0,2.0,1248000.0,🟡 SELL NOW (Peak Age)
E. O'Kane,Leeds United,27,CDM,68,68,15000.0,2.0,1560000.0,🟡 SELL NOW (Peak Age)
F. Al Qarni,Al Ittihad,26,GK,68,70,11000.0,3.0,1716000.0,🟡 SELL NOW (Peak Age)
D. Calderón Caicedo,Al Faisaly,28,ST,68,68,11000.0,2.0,1144000.0,🟡 SELL NOW (Peak Age)
S. Iacoponi,Parma,31,RB,68,68,14000.0,2.0,1456000.0,🔴 TERMINATE (No Resale Value)
M. Herrera,Club León,29,RCB,68,68,11000.0,3.0,1716000.0,🟡 SELL NOW (Peak Age)
G. Evans,Derby County,23,CDM,68,75,13000.0,2.0,1352000.0,🔵 LOAN OUT (Young)
Adão Morrinhos,Fluminense,26,LS,68,68,12000.0,2.0,1248000.0,🟡 SELL NOW (Peak Age)
J. Smith,Nottingham Forest,23,GK,68,72,11000.0,4.0,2288000.0,🔵 LOAN OUT (Young)
M. Kanno,Al Hilal,23,RDM,68,74,12000.0,3.0,1872000.0,🔵 LOAN OUT (Young)
D. Holmes,Derby County,23,CAM,68,74,14000.0,2.0,1456000.0,🔵 LOAN OUT (Young)
D. Button,Brighton & Hove Albion,29,GK,68,68,14000.0,2.0,1456000.0,🟡 SELL NOW (Peak Age)
S. Bain,Celtic,26,GK,68,72,14000.0,3.0,2184000.0,🟡 SELL NOW (Peak Age)
M. Al Harbi,Al Ittihad,30,LB,68,68,13000.0,2.0,1352000.0,🔴 TERMINATE (No Resale Value)
L. Bacuna,Reading,26,LCM,68,69,13000.0,2.0,1352000.0,🟡 SELL NOW (Peak Age)
Y. Meité,Reading,22,ST,67,72,11000.0,3.0,1716000.0,🔵 LOAN OUT (Young)
B. Hamer,Huddersfield Town,30,GK,67,67,11000.0,2.0,1144000.0,🔴 TERMINATE (No Resale Value)
E. Grezda,Rangers FC,23,RW,67,74,15000.0,3.0,2340000.0,🔵 LOAN OUT (Young)
J. Hendry,Celtic,23,CB,67,74,13000.0,3.0,2028000.0,🔵 LOAN OUT (Young)
S. Edera,Torino,21,RW,67,77,11000.0,4.0,2288000.0,🔵 LOAN OUT (Young)
R. Di Gennaro,Inter,24,GK,67,70,11000.0,4.0,2288000.0,🟡 SELL NOW (Peak Age)
A. Lazaar,Newcastle United,26,LB,67,68,13000.0,2.0,1352000.0,🟡 SELL NOW (Peak Age)
A. Rossi,Lazio,21,ST,67,77,12000.0,2.0,1248000.0,🔵 LOAN OUT (Young)
A. Al Hafith,Al Hilal,25,CB,67,72,11000.0,2.0,1144000.0,🟡 SELL NOW (Peak Age)
M. McNulty,Reading,25,ST,67,69,12000.0,3.0,1872000.0,🟡 SELL NOW (Peak Age)
Alex Doneiro,Atlético Mineiro,30,CAM,67,67,11000.0,2.0,1144000.0,🔴 TERMINATE (No Resale Value)
Xande Silva,West Ham United,21,ST,67,77,18000.0,2.0,1872000.0,🔵 LOAN OUT (Young)
Jaílson,Fenerbahçe SK,22,CDM,67,78,15000.0,3.0,2340000.0,🔵 LOAN OUT (Young)
J. Steele,Brighton & Hove Albion,27,GK,67,70,11000.0,2.0,1144000.0,🟡 SELL NOW (Peak Age)
A. Fletcher,Middlesbrough,22,ST,67,74,16000.0,2.0,1664000.0,🔵 LOAN OUT (Young)
K. Hause,Wolverhampton Wanderers,22,CB,67,78,16000.0,2.0,1664000.0,🔵 LOAN OUT (Young)
M. Al Fatil,Al Ahli,26,RCB,67,71,11000.0,2.0,1144000.0,🟡 SELL NOW (Peak Age)
S. Aluko,Reading,29,RW,67,67,13000.0,2.0,1352000.0,🟡 SELL NOW (Peak Age)
Beto da Silva,Tigres U.A.N.L.,21,LW,66,76,11000.0,2.0,1144000.0,🔵 LOAN OUT (Young)
A. Acosta,Tigres U.A.N.L.,30,LB,66,66,13000.0,3.0,2028000.0,🔴 TERMINATE (No Resale Value)
M. Fallatah,Al Hilal,30,ST,66,66,11000.0,3.0,1716000.0,🔴 TERMINATE (No Resale Value)
L. Madrigal,Monterrey,25,ST,66,70,13000.0,2.0,1352000.0,🟡 SELL NOW (Peak Age)
A. Donnarumma,Milan,27,GK,66,67,15000.0,2.0,1560000.0,🟡 SELL NOW (Peak Age)
K. Naismith,Wigan Athletic,26,LB,66,67,15000.0,2.0,1560000.0,🟡 SELL NOW (Peak Age)
L. Amos,Tottenham Hotspur,21,CM,65,79,13000.0,2.0,1352000.0,🔵 LOAN OUT (Young)
H. Chapman,Middlesbrough,20,LW,65,79,11000.0,4.0,2288000.0,🔵 LOAN OUT (Young)
L. Wing,Middlesbrough,23,CM,65,72,11000.0,3.0,1716000.0,🔵 LOAN OUT (Young)
P. Arce,Club América,26,CAM,64,65,12000.0,2.0,1248000.0,🟡 SELL NOW (Peak Age)
Dani Gómez,Real Madrid,19,ST,63,77,12000.0,3.0,1872000.0,🔵 LOAN OUT (Young)
